trial_id,participant_id,pair_id,item_a_id,item_b_id,left_item_id,right_item_id,raw_answer,chosen_left,study_fit_id
1,1,item_002__item_003,item_002,item_003,item_002,item_003,Second sound,False,1
2,1,item_086__item_096,item_086,item_096,item_096,item_086,Second sound,False,1
4,1,item_010__item_015,item_010,item_015,item_010,item_015,Second sound,False,1
3,1,item_009__item_084,item_009,item_084,item_084,item_009,First sound,True,1
5,1,item_059__item_069,item_059,item_069,item_059,item_069,First sound,True,1
8,1,item_009__item_099,item_009,item_099,item_009,item_099,Second sound,False,1
6,1,item_067__item_069,item_067,item_069,item_069,item_067,First sound,True,1
7,1,item_064__item_069,item_064,item_069,item_069,item_064,Second sound,False,1
9,1,item_070__item_075,item_070,item_075,item_075,item_070,First sound,True,1
10,1,item_005__item_030,item_005,item_030,item_005,item_030,First sound,True,1
11,1,item_054__item_064,item_054,item_064,item_064,item_054,First sound,True,1
12,1,item_060__item_065,item_060,item_065,item_060,item_065,First sound,True,1
14,1,item_001__item_091,item_001,item_091,item_091,item_001,First sound,True,1
13,1,item_022__item_027,item_022,item_027,item_022,item_027,First sound,True,1
15,1,item_064__item_065,item_064,item_065,item_064,item_065,First sound,True,1
16,1,item_006__item_031,item_006,item_031,item_006,item_031,First sound,True,1
19,1,item_059__item_064,item_059,item_064,item_059,item_064,Second sound,False,1
17,1,item_055__item_057,item_055,item_057,item_057,item_055,Second sound,False,1
18,1,item_044__item_054,item_044,item_054,item_054,item_044,First sound,True,1
20,1,item_085__item_090,item_085,item_090,item_085,item_090,First sound,True,1
21,2,item_082__item_084,item_082,item_084,item_084,item_082,First sound,True,1
22,2,item_070__item_071,item_070,item_071,item_070,item_071,First sound,True,1
23,2,item_036__item_038,item_036,item_038,item_038,item_036,Second sound,False,1
25,2,item_017__item_092,item_017,item_092,item_092,item_017,First sound,True,1
24,2,item_074__item_099,item_074,item_099,item_099,item_074,First sound,True,1
26,2,item_077__item_087,item_077,item_087,item_087,item_077,First sound,True,1
27,2,item_013__item_018,item_013,item_018,item_018,item_013,First sound,True,1
30,2,item_056__item_058,item_056,item_058,item_058,item_056,First sound,True,1
28,2,item_066__item_076,item_066,item_076,item_076,item_066,First sound,True,1
29,2,item_053__item_058,item_053,item_058,item_058,item_053,First sound,True,1
31,2,item_049__item_050,item_049,item_050,item_050,item_049,Second sound,False,1
32,2,item_017__item_042,item_017,item_042,item_042,item_017,First sound,True,1
33,2,item_083__item_088,item_083,item_088,item_088,item_083,Second sound,False,1
34,2,item_094__item_096,item_094,item_096,item_094,item_096,First sound,True,1
36,2,item_094__item_099,item_094,item_099,item_099,item_094,Second sound,False,1
35,2,item_031__item_033,item_031,item_033,item_033,item_031,Second sound,False,1
40,2,item_068__item_069,item_068,item_069,item_069,item_068,Second sound,False,1
37,2,item_089__item_091,item_089,item_091,item_089,item_091,Second sound,False,1
38,2,item_007__item_017,item_007,item_017,item_007,item_017,Second sound,False,1
39,2,item_070__item_075,item_070,item_075,item_070,item_075,Second sound,False,1
41,3,item_070__item_080,item_070,item_080,item_080,item_070,First sound,True,1
42,3,item_029__item_034,item_029,item_034,item_034,item_029,First sound,True,1
43,3,item_028__item_029,item_028,item_029,item_029,item_028,First sound,True,1
44,3,item_068__item_073,item_068,item_073,item_073,item_068,Second sound,False,1
45,3,item_094__item_095,item_094,item_095,item_095,item_094,First sound,True,1
47,3,item_019__item_094,item_019,item_094,item_094,item_019,First sound,True,1
46,3,item_085__item_090,item_085,item_090,item_085,item_090,First sound,True,1
48,3,item_046__item_048,item_046,item_048,item_046,item_048,Second sound,False,2
49,3,item_073__item_078,item_073,item_078,item_078,item_073,Second sound,False,2
52,3,item_011__item_012,item_011,item_012,item_011,item_012,First sound,True,2
50,3,item_019__item_021,item_019,item_021,item_019,item_021,Second sound,False,2
51,3,item_023__item_028,item_023,item_028,item_028,item_023,Second sound,False,2
53,3,item_021__item_023,item_021,item_023,item_023,item_021,First sound,True,2
54,3,item_011__item_021,item_011,item_021,item_011,item_021,Second sound,False,2
55,3,item_035__item_040,item_035,item_040,item_035,item_040,First sound,True,2
56,3,item_020__item_095,item_020,item_095,item_020,item_095,Second sound,False,2
58,3,item_026__item_051,item_026,item_051,item_026,item_051,First sound,True,2
57,3,item_048__item_073,item_048,item_073,item_073,item_048,First sound,True,2
59,3,item_019__item_020,item_019,item_020,item_020,item_019,Second sound,False,2
63,4,item_045__item_047,item_045,item_047,item_047,item_045,Second sound,False,2
62,4,item_024__item_026,item_024,item_026,item_024,item_026,Second sound,False,2
60,3,item_046__item_047,item_046,item_047,item_046,item_047,First sound,True,2
61,4,item_023__item_024,item_023,item_024,item_023,item_024,First sound,True,2
64,4,item_014__item_019,item_014,item_019,item_019,item_014,Second sound,False,2
65,4,item_041__item_046,item_041,item_046,item_041,item_046,Second sound,False,2
66,4,item_041__item_051,item_041,item_051,item_041,item_051,Second sound,False,2
67,4,item_012__item_037,item_012,item_037,item_012,item_037,Second sound,False,2
69,4,item_046__item_048,item_046,item_048,item_046,item_048,Second sound,False,2
68,4,item_078__item_079,item_078,item_079,item_078,item_079,Second sound,False,2
70,4,item_034__item_039,item_034,item_039,item_034,item_039,First sound,True,2
71,4,item_035__item_045,item_035,item_045,item_045,item_035,Second sound,False,2
74,4,item_043__item_045,item_043,item_045,item_045,item_043,First sound,True,2
72,4,item_047__item_052,item_047,item_052,item_052,item_047,Second sound,False,2
73,4,item_024__item_034,item_024,item_034,item_024,item_034,Second sound,False,2
75,4,item_023__item_025,item_023,item_025,item_023,item_025,Second sound,False,2
76,4,item_079__item_081,item_079,item_081,item_081,item_079,First sound,True,2
77,4,item_025__item_026,item_025,item_026,item_025,item_026,First sound,True,2
78,4,item_095__item_097,item_095,item_097,item_095,item_097,Second sound,False,2
80,4,item_023__item_098,item_023,item_098,item_023,item_098,First sound,True,2
79,4,item_011__item_021,item_011,item_021,item_021,item_011,First sound,True,2
