{
    "ApiResult": 0,
    "ApiResultCode": 0,
    "ApiAccount": "Max Planck Institute for EA",
    "AccountType": 2,
    "ApiAccountStatus": 1,
    "AccountCode": "MPIEA",
    "ApiMessages": [
        "API Message: Response initialized.",
        "API Message: GetBundledLookups successful."
    ],
    "ResultCount": 379,
    "AllBidProbabilities": [],
    "AllBidStatuses": [],
    "AllCategoryLockOutDurations": [],
    "AllCountries": [],
    "AllCountryLanguages": [
        {
            "Code": "CHI-CN",
            "Id": "1",
            "IsActive": true,
            "Name": "Chinese Simplified - China",
            "SortOrder": 1
        },
        {
            "Code": "CHI-HK",
            "Id": "2",
            "IsActive": true,
            "Name": "Chinese Traditional - Hong Kong",
            "SortOrder": 2
        },
        {
            "Code": "CHI-TW",
            "Id": "3",
            "IsActive": true,
            "Name": "Chinese Traditional - Taiwan",
            "SortOrder": 3
        },
        {
            "Code": "DUT-NL",
            "Id": "4",
            "IsActive": true,
            "Name": "Dutch - Netherlands",
            "SortOrder": 4
        },
        {
            "Code": "ENG-AU",
            "Id": "5",
            "IsActive": true,
            "Name": "English - Australia",
            "SortOrder": 5
        },
        {
            "Code": "ENG-CA",
            "Id": "6",
            "IsActive": true,
            "Name": "English - Canada",
            "SortOrder": 6
        },
        {
            "Code": "ENG-IN",
            "Id": "7",
            "IsActive": true,
            "Name": "English - India",
            "SortOrder": 7
        },
        {
            "Code": "ENG-GB",
            "Id": "8",
            "IsActive": true,
            "Name": "English - United Kingdom",
            "SortOrder": 8
        },
        {
            "Code": "ENG-US",
            "Id": "9",
            "IsActive": true,
            "Name": "English - United States",
            "SortOrder": 9
        },
        {
            "Code": "FRE-FR",
            "Id": "10",
            "IsActive": true,
            "Name": "French - France",
            "SortOrder": 10
        },
        {
            "Code": "GER-DE",
            "Id": "11",
            "IsActive": true,
            "Name": "German - Germany",
            "SortOrder": 11
        },
        {
            "Code": "GER-CH",
            "Id": "12",
            "IsActive": true,
            "Name": "German - Switzerland",
            "SortOrder": 12
        },
        {
            "Code": "ITA-IT",
            "Id": "13",
            "IsActive": true,
            "Name": "Italian - Italy",
            "SortOrder": 13
        },
        {
            "Code": "JPN-JP",
            "Id": "14",
            "IsActive": true,
            "Name": "Japanese - Japan",
            "SortOrder": 14
        },
        {
            "Code": "POL-PL",
            "Id": "15",
            "IsActive": true,
            "Name": "Polish - Poland",
            "SortOrder": 15
        },
        {
            "Code": "POR-BR",
            "Id": "16",
            "IsActive": true,
            "Name": "Portuguese - Brazil",
            "SortOrder": 16
        },
        {
            "Code": "POR-PT",
            "Id": "17",
            "IsActive": true,
            "Name": "Portuguese - Portugal",
            "SortOrder": 17
        },
        {
            "Code": "RUS-RU",
            "Id": "18",
            "IsActive": true,
            "Name": "Russian - Russia",
            "SortOrder": 18
        },
        {
            "Code": "SPA-AR",
            "Id": "19",
            "IsActive": true,
            "Name": "Spanish - Argentina",
            "SortOrder": 19
        },
        {
            "Code": "SPA-CO",
            "Id": "20",
            "IsActive": true,
            "Name": "Spanish - Colombia",
            "SortOrder": 20
        },
        {
            "Code": "SPA-MX",
            "Id": "21",
            "IsActive": true,
            "Name": "Spanish - Mexico",
            "SortOrder": 21
        },
        {
            "Code": "SPA-ES",
            "Id": "22",
            "IsActive": true,
            "Name": "Spanish - Spain",
            "SortOrder": 22
        },
        {
            "Code": "SWE-SE",
            "Id": "23",
            "IsActive": true,
            "Name": "Swedish - Sweden",
            "SortOrder": 23
        },
        {
            "Code": "KOR-KR",
            "Id": "24",
            "IsActive": true,
            "Name": "Korean - Korea ",
            "SortOrder": 24
        },
        {
            "Code": "FRE-CA",
            "Id": "25",
            "IsActive": true,
            "Name": "French - Canada",
            "SortOrder": 25
        },
        {
            "Code": "FRE-BE",
            "Id": "26",
            "IsActive": true,
            "Name": "French - Belgium",
            "SortOrder": 26
        },
        {
            "Code": "SPA-US",
            "Id": "27",
            "IsActive": true,
            "Name": "Spanish - United States",
            "SortOrder": 27
        },
        {
            "Code": "DUT-BE",
            "Id": "28",
            "IsActive": true,
            "Name": "Dutch - Belgium",
            "SortOrder": 28
        },
        {
            "Code": "ARA-SA",
            "Id": "29",
            "IsActive": true,
            "Name": "Arabic - Saudi Arabia",
            "SortOrder": 29
        },
        {
            "Code": "NOR-NO",
            "Id": "30",
            "IsActive": true,
            "Name": "Norwegian - Norway",
            "SortOrder": 30
        },
        {
            "Code": "DAN-DK",
            "Id": "31",
            "IsActive": true,
            "Name": "Danish - Denmark",
            "SortOrder": 31
        },
        {
            "Code": "FIN-FI",
            "Id": "32",
            "IsActive": true,
            "Name": "Finnish - Finland",
            "SortOrder": 32
        },
        {
            "Code": "FRE-CH",
            "Id": "34",
            "IsActive": true,
            "Name": "French - Switzerland",
            "SortOrder": 34
        },
        {
            "Code": "ITA-CH",
            "Id": "35",
            "IsActive": true,
            "Name": "Italian - Switzerland",
            "SortOrder": 35
        },
        {
            "Code": "ENG-CH",
            "Id": "36",
            "IsActive": true,
            "Name": "English - Switzerland",
            "SortOrder": 36
        },
        {
            "Code": "TUR-TR",
            "Id": "37",
            "IsActive": true,
            "Name": "Turkish - Turkey",
            "SortOrder": 37
        },
        {
            "Code": "GER-AT",
            "Id": "38",
            "IsActive": true,
            "Name": "German - Austria",
            "SortOrder": 38
        },
        {
            "Code": "CZE-CZ",
            "Id": "39",
            "IsActive": true,
            "Name": "Czech - Czech Republic",
            "SortOrder": 39
        },
        {
            "Code": "GRE-GR",
            "Id": "40",
            "IsActive": true,
            "Name": "Greek - Greece",
            "SortOrder": 40
        },
        {
            "Code": "SPA-VE",
            "Id": "41",
            "IsActive": true,
            "Name": "Spanish - Venezuela",
            "SortOrder": 41
        },
        {
            "Code": "ICE-IS",
            "Id": "42",
            "IsActive": true,
            "Name": "Icelandic - Iceland",
            "SortOrder": 42
        },
        {
            "Code": "ENG-IE",
            "Id": "43",
            "IsActive": true,
            "Name": "English - Ireland",
            "SortOrder": 43
        },
        {
            "Code": "RUM-RO",
            "Id": "45",
            "IsActive": true,
            "Name": "Romanian - Romania",
            "SortOrder": 45
        },
        {
            "Code": "BUL-BG",
            "Id": "46",
            "IsActive": true,
            "Name": "Bulgarian - Bulgaria",
            "SortOrder": 46
        },
        {
            "Code": "SPA-CL",
            "Id": "47",
            "IsActive": true,
            "Name": "Spanish - Chile",
            "SortOrder": 47
        },
        {
            "Code": "ENG-ZA",
            "Id": "49",
            "IsActive": true,
            "Name": "English - South Africa",
            "SortOrder": 49
        },
        {
            "Code": "ENG-SG",
            "Id": "50",
            "IsActive": true,
            "Name": "English - Singapore",
            "SortOrder": 50
        },
        {
            "Code": "LTZ-LU",
            "Id": "51",
            "IsActive": true,
            "Name": "Luxembourg - Luxembourg",
            "SortOrder": 51
        },
        {
            "Code": "IND-ID",
            "Id": "52",
            "IsActive": true,
            "Name": "Indonesian - Indonesia",
            "SortOrder": 52
        },
        {
            "Code": "MAY-MY",
            "Id": "53",
            "IsActive": true,
            "Name": "Malay - Malaysia",
            "SortOrder": 53
        },
        {
            "Code": "THA-TH",
            "Id": "54",
            "IsActive": true,
            "Name": "Thai - Thailand",
            "SortOrder": 54
        },
        {
            "Code": "TGL-PH",
            "Id": "55",
            "IsActive": true,
            "Name": "Tagalog - Philippines",
            "SortOrder": 55
        },
        {
            "Code": "UKR-UA",
            "Id": "56",
            "IsActive": true,
            "Name": "Ukrainian - Ukraine",
            "SortOrder": 56
        },
        {
            "Code": "ENG-NZ",
            "Id": "57",
            "IsActive": true,
            "Name": "English - New Zealand",
            "SortOrder": 57
        },
        {
            "Code": "ENG-PH",
            "Id": "58",
            "IsActive": true,
            "Name": "English - Philippines",
            "SortOrder": 58
        },
        {
            "Code": "ENG-ID",
            "Id": "59",
            "IsActive": true,
            "Name": "English - Indonesia",
            "SortOrder": 59
        },
        {
            "Code": "ENG-MY",
            "Id": "61",
            "IsActive": true,
            "Name": "English - Malaysia",
            "SortOrder": 61
        },
        {
            "Code": "HUN-HU",
            "Id": "62",
            "IsActive": true,
            "Name": "Hungarian - Hungary",
            "SortOrder": 62
        },
        {
            "Code": "LAT-LV",
            "Id": "63",
            "IsActive": true,
            "Name": "Latvian - Latvia",
            "SortOrder": 63
        },
        {
            "Code": "SPA-CR",
            "Id": "64",
            "IsActive": true,
            "Name": "Spanish - Costa Rica",
            "SortOrder": 64
        },
        {
            "Code": "SPA-SV",
            "Id": "65",
            "IsActive": true,
            "Name": "Spanish - El Salvador",
            "SortOrder": 65
        },
        {
            "Code": "SPA-GT",
            "Id": "66",
            "IsActive": true,
            "Name": "Spanish - Guatemala",
            "SortOrder": 66
        },
        {
            "Code": "SPA-HN",
            "Id": "67",
            "IsActive": true,
            "Name": "Spanish - Honduras",
            "SortOrder": 67
        },
        {
            "Code": "SPA-NI",
            "Id": "68",
            "IsActive": true,
            "Name": "Spanish - Nicaragua",
            "SortOrder": 68
        },
        {
            "Code": "SPA-PA",
            "Id": "69",
            "IsActive": true,
            "Name": "Spanish - Panama",
            "SortOrder": 69
        },
        {
            "Code": "EST-EE",
            "Id": "70",
            "IsActive": true,
            "Name": "Estonian - Estonia",
            "SortOrder": 70
        },
        {
            "Code": "LIT-LT",
            "Id": "71",
            "IsActive": true,
            "Name": "Lithuanian - Lithuania",
            "SortOrder": 71
        },
        {
            "Code": "HEB-IL",
            "Id": "72",
            "IsActive": true,
            "Name": "Hebrew - Israel",
            "SortOrder": 72
        },
        {
            "Code": "ENG-HK",
            "Id": "73",
            "IsActive": true,
            "Name": "English - Hong Kong",
            "SortOrder": 73
        },
        {
            "Code": "ENG-DE",
            "Id": "74",
            "IsActive": true,
            "Name": "English - Germany",
            "SortOrder": 74
        },
        {
            "Code": "ZUL-ZA",
            "Id": "75",
            "IsActive": true,
            "Name": "Zulu - South Africa",
            "SortOrder": 75
        },
        {
            "Code": "HIN-IN",
            "Id": "76",
            "IsActive": true,
            "Name": "Hindi - India",
            "SortOrder": 76
        },
        {
            "Code": "ARA-EG",
            "Id": "77",
            "IsActive": true,
            "Name": "Arabic - Egypt",
            "SortOrder": 77
        },
        {
            "Code": "SLK-SK",
            "Id": "78",
            "IsActive": true,
            "Name": "Slovak - Slovakia",
            "SortOrder": 78
        },
        {
            "Code": "SLV-SI",
            "Id": "79",
            "IsActive": true,
            "Name": "Slovene - Slovenia",
            "SortOrder": 79
        },
        {
            "Code": "SPA-PE",
            "Id": "80",
            "IsActive": true,
            "Name": "Spanish - Peru",
            "SortOrder": 80
        },
        {
            "Code": "VIE-VN",
            "Id": "81",
            "IsActive": true,
            "Name": "Vietnamese - Vietnam",
            "SortOrder": 81
        },
        {
            "Code": "ARA-AE",
            "Id": "82",
            "IsActive": true,
            "Name": "Arabic - United Arab Emirates",
            "SortOrder": 82
        },
        {
            "Code": "ARA-QA",
            "Id": "83",
            "IsActive": true,
            "Name": "Arabic - Qatar",
            "SortOrder": 83
        },
        {
            "Code": "ENG-NG",
            "Id": "84",
            "IsActive": true,
            "Name": "English - Nigeria",
            "SortOrder": 84
        },
        {
            "Code": "HRV-HR",
            "Id": "85",
            "IsActive": true,
            "Name": "Croatian - Croatia",
            "SortOrder": 85
        },
        {
            "Code": "RUS-KZ",
            "Id": "86",
            "IsActive": true,
            "Name": "Russian - Kazakhstan",
            "SortOrder": 86
        },
        {
            "Code": "ARA-JO",
            "Id": "87",
            "IsActive": true,
            "Name": "Arabic - Jordan",
            "SortOrder": 87
        },
        {
            "Code": "NLD-BE",
            "Id": "88",
            "IsActive": true,
            "Name": "Flemish - Belgium",
            "SortOrder": 88
        },
        {
            "Code": "SPA-EC",
            "Id": "89",
            "IsActive": true,
            "Name": "Spanish - Ecuador",
            "SortOrder": 89
        },
        {
            "Code": "CHI-SG",
            "Id": "90",
            "IsActive": true,
            "Name": "Chinese Simplified - Singapore",
            "SortOrder": 90
        },
        {
            "Code": "CHI-MY",
            "Id": "91",
            "IsActive": true,
            "Name": "Chinese Simplified - Malaysia",
            "SortOrder": 91
        },
        {
            "Code": "SRP-RS",
            "Id": "92",
            "IsActive": true,
            "Name": "Serbian - Serbia",
            "SortOrder": 92
        },
        {
            "Code": "ENG-AE",
            "Id": "93",
            "IsActive": true,
            "Name": "English - United Arab Emirates",
            "SortOrder": 93
        },
        {
            "Code": "GER-BE",
            "Id": "94",
            "IsActive": true,
            "Name": "German - Belgium",
            "SortOrder": 94
        },
        {
            "Code": "ENG-NL",
            "Id": "95",
            "IsActive": true,
            "Name": "English - Netherlands",
            "SortOrder": 95
        },
        {
            "Code": "SWA-KE",
            "Id": "96",
            "IsActive": true,
            "Name": "Swahili - Kenya",
            "SortOrder": 96
        },
        {
            "Code": "ENG-KE",
            "Id": "97",
            "IsActive": true,
            "Name": "English - Kenya",
            "SortOrder": 97
        },
        {
            "Code": "ENG-CN",
            "Id": "98",
            "IsActive": true,
            "Name": "English - China",
            "SortOrder": 98
        },
        {
            "Code": "ENG-FR",
            "Id": "99",
            "IsActive": true,
            "Name": "English - France",
            "SortOrder": 99
        },
        {
            "Code": "ENG-RU",
            "Id": "100",
            "IsActive": true,
            "Name": "English - Russia",
            "SortOrder": 100
        },
        {
            "Code": "ENG-DZ",
            "Id": "101",
            "IsActive": true,
            "Name": "English - Algeria",
            "SortOrder": 101
        },
        {
            "Code": "ENG-LB",
            "Id": "102",
            "IsActive": true,
            "Name": "English - Lebanon",
            "SortOrder": 102
        },
        {
            "Code": "ENG-MA",
            "Id": "103",
            "IsActive": true,
            "Name": "English - Morocco",
            "SortOrder": 103
        },
        {
            "Code": "ARA-DZ",
            "Id": "104",
            "IsActive": true,
            "Name": "Arabic - Algeria",
            "SortOrder": 104
        },
        {
            "Code": "ARA-LB",
            "Id": "105",
            "IsActive": true,
            "Name": "Arabic - Lebanon",
            "SortOrder": 105
        },
        {
            "Code": "ARA-MA",
            "Id": "106",
            "IsActive": true,
            "Name": "Arabic - Morocco",
            "SortOrder": 106
        },
        {
            "Code": "ENG-AR",
            "Id": "107",
            "IsActive": true,
            "Name": "English - Argentina",
            "SortOrder": 107
        },
        {
            "Code": "ENG-BR",
            "Id": "108",
            "IsActive": true,
            "Name": "English - Brazil",
            "SortOrder": 108
        },
        {
            "Code": "ENG-CO",
            "Id": "109",
            "IsActive": true,
            "Name": "English - Colombia",
            "SortOrder": 109
        },
        {
            "Code": "ENG-GR",
            "Id": "110",
            "IsActive": true,
            "Name": "English - Greece",
            "SortOrder": 110
        },
        {
            "Code": "ENG-IL",
            "Id": "111",
            "IsActive": true,
            "Name": "English - Israel",
            "SortOrder": 111
        },
        {
            "Code": "ENG-IT",
            "Id": "112",
            "IsActive": true,
            "Name": "English - Italy",
            "SortOrder": 112
        },
        {
            "Code": "ENG-JP",
            "Id": "113",
            "IsActive": true,
            "Name": "English - Japan",
            "SortOrder": 113
        },
        {
            "Code": "ENG-KR",
            "Id": "114",
            "IsActive": true,
            "Name": "English - Korea",
            "SortOrder": 114
        },
        {
            "Code": "ENG-MX",
            "Id": "115",
            "IsActive": true,
            "Name": "English - Mexico",
            "SortOrder": 115
        },
        {
            "Code": "ENG-TR",
            "Id": "116",
            "IsActive": true,
            "Name": "English - Turkey",
            "SortOrder": 116
        },
        {
            "Code": "KOR-US",
            "Id": "117",
            "IsActive": true,
            "Name": "Korean - United States",
            "SortOrder": 117
        },
        {
            "Code": "VIE-US",
            "Id": "118",
            "IsActive": true,
            "Name": "Vietnamese - United States",
            "SortOrder": 118
        },
        {
            "Code": "ENG-ES",
            "Id": "119",
            "IsActive": true,
            "Name": "English - Spain",
            "SortOrder": 119
        },
        {
            "Code": "ENG-PK",
            "Id": "120",
            "IsActive": true,
            "Name": "English - Pakistan",
            "SortOrder": 120
        },
        {
            "Code": "URD-PK",
            "Id": "121",
            "IsActive": true,
            "Name": "Urdu - Pakistan",
            "SortOrder": 121
        },
        {
            "Code": "ENG-AT",
            "Id": "122",
            "IsActive": true,
            "Name": "English - Austria",
            "SortOrder": 122
        },
        {
            "Code": "SPA-DO",
            "Id": "123",
            "IsActive": true,
            "Name": "Spanish - Dominican Republic",
            "SortOrder": 123
        },
        {
            "Code": "FRE-LU",
            "Id": "124",
            "IsActive": true,
            "Name": "French - Luxembourg",
            "SortOrder": 124
        },
        {
            "Code": "ENG-PR",
            "Id": "125",
            "IsActive": true,
            "Name": "English - Puerto Rico",
            "SortOrder": 125
        },
        {
            "Code": "SPA-PR",
            "Id": "126",
            "IsActive": true,
            "Name": "Spanish - Puerto Rico",
            "SortOrder": 126
        },
        {
            "Code": "BEN-BD",
            "Id": "127",
            "IsActive": true,
            "Name": "Bengali - Bangladesh",
            "SortOrder": 127
        },
        {
            "Code": "ENG-EG",
            "Id": "128",
            "IsActive": true,
            "Name": "English - Egypt",
            "SortOrder": 128
        },
        {
            "Code": "ARA-MR",
            "Id": "129",
            "IsActive": true,
            "Name": "Arabic - Mauritania",
            "SortOrder": 129
        },
        {
            "Code": "ARA-TN",
            "Id": "130",
            "IsActive": true,
            "Name": "Arabic - Tunisia",
            "SortOrder": 130
        },
        {
            "Code": "FRE-TN",
            "Id": "131",
            "IsActive": true,
            "Name": "French - Tunisia",
            "SortOrder": 131
        },
        {
            "Code": "ARA-LY",
            "Id": "132",
            "IsActive": true,
            "Name": "Arabic - Libya",
            "SortOrder": 132
        },
        {
            "Code": "ARA-IQ",
            "Id": "134",
            "IsActive": true,
            "Name": "Arabic - Iraq",
            "SortOrder": 134
        },
        {
            "Code": "KUR-IQ",
            "Id": "135",
            "IsActive": true,
            "Name": "Kurdish - Iraq",
            "SortOrder": 135
        },
        {
            "Code": "ARA-KW",
            "Id": "136",
            "IsActive": true,
            "Name": "Arabic - Kuwait",
            "SortOrder": 136
        },
        {
            "Code": "ARA-YE",
            "Id": "137",
            "IsActive": true,
            "Name": "Arabic - Yemen",
            "SortOrder": 137
        },
        {
            "Code": "ARA-OM",
            "Id": "138",
            "IsActive": true,
            "Name": "Arabic - Oman",
            "SortOrder": 138
        },
        {
            "Code": "ARA-PS",
            "Id": "139",
            "IsActive": true,
            "Name": "Arabic - Palestine",
            "SortOrder": 139
        },
        {
            "Code": "ARA-BH",
            "Id": "141",
            "IsActive": true,
            "Name": "Arabic - Bahrain",
            "SortOrder": 141
        },
        {
            "Code": "CHI-US",
            "Id": "142",
            "IsActive": true,
            "Name": "Chinese Simplified - United States",
            "SortOrder": 142
        },
        {
            "Code": "JPN-US",
            "Id": "143",
            "IsActive": true,
            "Name": "Japanese - United States",
            "SortOrder": 143
        },
        {
            "Code": "ENG-BE",
            "Id": "144",
            "IsActive": true,
            "Name": "English - Belgium",
            "SortOrder": 144
        },
        {
            "Code": "ENG-CL",
            "Id": "145",
            "IsActive": true,
            "Name": "English - Chile",
            "SortOrder": 145
        },
        {
            "Code": "ENG-DK",
            "Id": "146",
            "IsActive": true,
            "Name": "English - Denmark",
            "SortOrder": 146
        },
        {
            "Code": "ENG-FI",
            "Id": "147",
            "IsActive": true,
            "Name": "English - Finland",
            "SortOrder": 147
        },
        {
            "Code": "ENG-NO",
            "Id": "148",
            "IsActive": true,
            "Name": "English - Norway",
            "SortOrder": 148
        },
        {
            "Code": "ENG-SA",
            "Id": "149",
            "IsActive": true,
            "Name": "English - Saudi Arabia",
            "SortOrder": 149
        },
        {
            "Code": "ENG-VN",
            "Id": "150",
            "IsActive": true,
            "Name": "English - Vietnam",
            "SortOrder": 150
        },
        {
            "Code": "MAY-ID",
            "Id": "151",
            "IsActive": true,
            "Name": "Malay - Indonesia",
            "SortOrder": 151
        },
        {
            "Code": "MAY-SG",
            "Id": "153",
            "IsActive": true,
            "Name": "Malay - Singapore",
            "SortOrder": 153
        },
        {
            "Code": "ENG-MT",
            "Id": "159",
            "IsActive": true,
            "Name": "English - Malta",
            "SortOrder": 159
        },
        {
            "Code": "MLT-MT",
            "Id": "160",
            "IsActive": true,
            "Name": "Maltese - Malta",
            "SortOrder": 160
        },
        {
            "Code": "YUE-CN",
            "Id": "161",
            "IsActive": true,
            "Name": "Cantonese - China",
            "SortOrder": 161
        },
        {
            "Code": "ENG-PL",
            "Id": "162",
            "IsActive": true,
            "Name": "English - Poland",
            "SortOrder": 162
        },
        {
            "Code": "ENG-RO",
            "Id": "163",
            "IsActive": true,
            "Name": "English - Romania",
            "SortOrder": 163
        },
        {
            "Code": "ENG-SE",
            "Id": "164",
            "IsActive": true,
            "Name": "English - Sweden",
            "SortOrder": 164
        },
        {
            "Code": "ENG-TH",
            "Id": "165",
            "IsActive": true,
            "Name": "English - Thailand",
            "SortOrder": 165
        },
        {
            "Code": "ENG-HU",
            "Id": "167",
            "IsActive": true,
            "Name": "English - Hungary",
            "SortOrder": 167
        },
        {
            "Code": "ASM-IN",
            "Id": "168",
            "IsActive": true,
            "Name": "Assamese - India",
            "SortOrder": 168
        },
        {
            "Code": "BEN-IN",
            "Id": "169",
            "IsActive": true,
            "Name": "Bengali - India",
            "SortOrder": 169
        },
        {
            "Code": "DOI-IN",
            "Id": "170",
            "IsActive": true,
            "Name": "Dogri - India",
            "SortOrder": 170
        },
        {
            "Code": "GUJ-IN",
            "Id": "171",
            "IsActive": true,
            "Name": "Gujrati - India",
            "SortOrder": 171
        },
        {
            "Code": "KAN-IN",
            "Id": "172",
            "IsActive": true,
            "Name": "Kannada - India",
            "SortOrder": 172
        },
        {
            "Code": "KAS-IN",
            "Id": "173",
            "IsActive": true,
            "Name": "Kashmiri - India",
            "SortOrder": 173
        },
        {
            "Code": "KOK-IN",
            "Id": "174",
            "IsActive": true,
            "Name": "Konkani - India",
            "SortOrder": 174
        },
        {
            "Code": "MAI-IN",
            "Id": "175",
            "IsActive": true,
            "Name": "Maithili - India",
            "SortOrder": 175
        },
        {
            "Code": "MNI-IN",
            "Id": "176",
            "IsActive": true,
            "Name": "Manipuri - India",
            "SortOrder": 176
        },
        {
            "Code": "MAR-IN",
            "Id": "177",
            "IsActive": true,
            "Name": "Marathi - India",
            "SortOrder": 177
        },
        {
            "Code": "NEP-IN",
            "Id": "178",
            "IsActive": true,
            "Name": "Nepali - India",
            "SortOrder": 178
        },
        {
            "Code": "ORI-IN",
            "Id": "179",
            "IsActive": true,
            "Name": "Odia - India",
            "SortOrder": 179
        },
        {
            "Code": "PAN-IN",
            "Id": "180",
            "IsActive": true,
            "Name": "Punjabi - India",
            "SortOrder": 180
        },
        {
            "Code": "SAN-IN",
            "Id": "181",
            "IsActive": true,
            "Name": "Sanskrit - India",
            "SortOrder": 181
        },
        {
            "Code": "SAT-IN",
            "Id": "182",
            "IsActive": true,
            "Name": "Santali - India",
            "SortOrder": 182
        },
        {
            "Code": "SND-IN",
            "Id": "183",
            "IsActive": true,
            "Name": "Sindhi - India",
            "SortOrder": 183
        },
        {
            "Code": "TAM-IN",
            "Id": "184",
            "IsActive": true,
            "Name": "Tamil - India",
            "SortOrder": 184
        },
        {
            "Code": "TEL-IN",
            "Id": "185",
            "IsActive": true,
            "Name": "Telugu - India",
            "SortOrder": 185
        },
        {
            "Code": "URD-IN",
            "Id": "186",
            "IsActive": true,
            "Name": "Urdu - India",
            "SortOrder": 186
        },
        {
            "Code": "ENG-BS",
            "Id": "187",
            "IsActive": true,
            "Name": "English - Bahamas",
            "SortOrder": 187
        },
        {
            "Code": "ENG-BZ",
            "Id": "188",
            "IsActive": true,
            "Name": "English - Belize",
            "SortOrder": 188
        },
        {
            "Code": "SPA-BO",
            "Id": "189",
            "IsActive": true,
            "Name": "Spanish - Bolivia",
            "SortOrder": 189
        },
        {
            "Code": "ENG-JM",
            "Id": "193",
            "IsActive": true,
            "Name": "English - Jamaica",
            "SortOrder": 193
        },
        {
            "Code": "SPA-PY",
            "Id": "194",
            "IsActive": true,
            "Name": "Spanish - Paraguay",
            "SortOrder": 194
        },
        {
            "Code": "SPA-UY",
            "Id": "196",
            "IsActive": true,
            "Name": "Spanish - Uruguay",
            "SortOrder": 196
        },
        {
            "Code": "ENG-ET",
            "Id": "197",
            "IsActive": true,
            "Name": "English - Ethiopia",
            "SortOrder": 197
        },
        {
            "Code": "AMH-ET",
            "Id": "198",
            "IsActive": true,
            "Name": "Amharic - Ethiopia",
            "SortOrder": 198
        },
        {
            "Code": "FRE-DZ",
            "Id": "199",
            "IsActive": true,
            "Name": "French - Algeria",
            "SortOrder": 199
        },
        {
            "Code": "GER-LU",
            "Id": "200",
            "IsActive": true,
            "Name": "German - Luxembourg",
            "SortOrder": 200
        },
        {
            "Code": "ENG-LU",
            "Id": "201",
            "IsActive": true,
            "Name": "English - Luxembourg",
            "SortOrder": 201
        },
        {
            "Code": "FRE-MA",
            "Id": "203",
            "IsActive": true,
            "Name": "French - Morocco",
            "SortOrder": 203
        },
        {
            "Code": "ARA-US",
            "Id": "204",
            "IsActive": true,
            "Name": "Arabic - United States",
            "SortOrder": 204
        },
        {
            "Code": "ARA-TD",
            "Id": "205",
            "IsActive": true,
            "Name": "Arabic - Chad",
            "SortOrder": 205
        },
        {
            "Code": "ARA-KM",
            "Id": "206",
            "IsActive": true,
            "Name": "Arabic - Comoros",
            "SortOrder": 206
        },
        {
            "Code": "ARA-DJ",
            "Id": "207",
            "IsActive": true,
            "Name": "Arabic - Djibouti",
            "SortOrder": 207
        },
        {
            "Code": "ENG-AO",
            "Id": "210",
            "IsActive": true,
            "Name": "English - Angola",
            "SortOrder": 210
        },
        {
            "Code": "ENG-BJ",
            "Id": "211",
            "IsActive": true,
            "Name": "English - Benin",
            "SortOrder": 211
        },
        {
            "Code": "ENG-BW",
            "Id": "212",
            "IsActive": true,
            "Name": "English - Botswana",
            "SortOrder": 212
        },
        {
            "Code": "ENG-BF",
            "Id": "213",
            "IsActive": true,
            "Name": "English - Burkina Faso",
            "SortOrder": 213
        },
        {
            "Code": "ENG-CM",
            "Id": "214",
            "IsActive": true,
            "Name": "English - Cameroon",
            "SortOrder": 214
        },
        {
            "Code": "ENG-CV",
            "Id": "215",
            "IsActive": true,
            "Name": "English - Cape Verde",
            "SortOrder": 215
        },
        {
            "Code": "ENG-TD",
            "Id": "216",
            "IsActive": true,
            "Name": "English - Chad",
            "SortOrder": 216
        },
        {
            "Code": "ENG-KM",
            "Id": "217",
            "IsActive": true,
            "Name": "English - Comoros",
            "SortOrder": 217
        },
        {
            "Code": "ENG-CG",
            "Id": "218",
            "IsActive": true,
            "Name": "English - Republic of the Congo",
            "SortOrder": 218
        },
        {
            "Code": "ENG-DJ",
            "Id": "219",
            "IsActive": true,
            "Name": "English - Djibouti",
            "SortOrder": 219
        },
        {
            "Code": "ENG-GQ",
            "Id": "220",
            "IsActive": true,
            "Name": "English - Equatorial Guinea",
            "SortOrder": 220
        },
        {
            "Code": "ENG-ER",
            "Id": "221",
            "IsActive": true,
            "Name": "English - Eritrea",
            "SortOrder": 221
        },
        {
            "Code": "ENG-GA",
            "Id": "222",
            "IsActive": true,
            "Name": "English - Gabon",
            "SortOrder": 222
        },
        {
            "Code": "ENG-GM",
            "Id": "223",
            "IsActive": true,
            "Name": "English - Gambia",
            "SortOrder": 223
        },
        {
            "Code": "ENG-GH",
            "Id": "224",
            "IsActive": true,
            "Name": "English - Ghana",
            "SortOrder": 224
        },
        {
            "Code": "ENG-GN",
            "Id": "225",
            "IsActive": true,
            "Name": "English - Guinea",
            "SortOrder": 225
        },
        {
            "Code": "ENG-GW",
            "Id": "226",
            "IsActive": true,
            "Name": "English - Guinea-Bissau",
            "SortOrder": 226
        },
        {
            "Code": "ENG-KW",
            "Id": "227",
            "IsActive": true,
            "Name": "English - Kuwait",
            "SortOrder": 227
        },
        {
            "Code": "ENG-LS",
            "Id": "228",
            "IsActive": true,
            "Name": "English - Lesotho",
            "SortOrder": 228
        },
        {
            "Code": "ENG-LR",
            "Id": "229",
            "IsActive": true,
            "Name": "English - Liberia",
            "SortOrder": 229
        },
        {
            "Code": "ENG-MG",
            "Id": "230",
            "IsActive": true,
            "Name": "English - Madagascar",
            "SortOrder": 230
        },
        {
            "Code": "ENG-MW",
            "Id": "231",
            "IsActive": true,
            "Name": "English - Malawi",
            "SortOrder": 231
        },
        {
            "Code": "ENG-ML",
            "Id": "232",
            "IsActive": true,
            "Name": "English - Mali",
            "SortOrder": 232
        },
        {
            "Code": "ENG-MR",
            "Id": "233",
            "IsActive": true,
            "Name": "English - Mauritania",
            "SortOrder": 233
        },
        {
            "Code": "ENG-MU",
            "Id": "234",
            "IsActive": true,
            "Name": "English - Mauritius",
            "SortOrder": 234
        },
        {
            "Code": "ENG-MZ",
            "Id": "235",
            "IsActive": true,
            "Name": "English - Mozambique",
            "SortOrder": 235
        },
        {
            "Code": "ENG-NA",
            "Id": "236",
            "IsActive": true,
            "Name": "English - Namibia",
            "SortOrder": 236
        },
        {
            "Code": "ENG-NE",
            "Id": "237",
            "IsActive": true,
            "Name": "English - Niger",
            "SortOrder": 237
        },
        {
            "Code": "ENG-QA",
            "Id": "238",
            "IsActive": true,
            "Name": "English - Qatar",
            "SortOrder": 238
        },
        {
            "Code": "ENG-CI",
            "Id": "239",
            "IsActive": true,
            "Name": "English - Republic of the Côte d'Ivoire",
            "SortOrder": 239
        },
        {
            "Code": "ENG-RW",
            "Id": "240",
            "IsActive": true,
            "Name": "English - Rwanda",
            "SortOrder": 240
        },
        {
            "Code": "ENG-ST",
            "Id": "241",
            "IsActive": true,
            "Name": "English - São Tomé and Príncipe",
            "SortOrder": 241
        },
        {
            "Code": "ENG-SN",
            "Id": "242",
            "IsActive": true,
            "Name": "English - Senegal",
            "SortOrder": 242
        },
        {
            "Code": "ENG-SC",
            "Id": "243",
            "IsActive": true,
            "Name": "English - Seychelles",
            "SortOrder": 243
        },
        {
            "Code": "ENG-SL",
            "Id": "244",
            "IsActive": true,
            "Name": "English - Sierra Leone",
            "SortOrder": 244
        },
        {
            "Code": "ENG-SZ",
            "Id": "245",
            "IsActive": true,
            "Name": "English - Swaziland",
            "SortOrder": 245
        },
        {
            "Code": "ENG-TZ",
            "Id": "246",
            "IsActive": true,
            "Name": "English - Tanzania",
            "SortOrder": 246
        },
        {
            "Code": "ENG-TG",
            "Id": "247",
            "IsActive": true,
            "Name": "English - Togo",
            "SortOrder": 247
        },
        {
            "Code": "ENG-TN",
            "Id": "248",
            "IsActive": true,
            "Name": "English - Tunisia",
            "SortOrder": 248
        },
        {
            "Code": "ENG-UG",
            "Id": "249",
            "IsActive": true,
            "Name": "English - Uganda",
            "SortOrder": 249
        },
        {
            "Code": "ENG-ZM",
            "Id": "250",
            "IsActive": true,
            "Name": "English - Zambia",
            "SortOrder": 250
        },
        {
            "Code": "FRE-BJ",
            "Id": "251",
            "IsActive": true,
            "Name": "French - Benin",
            "SortOrder": 251
        },
        {
            "Code": "FRE-BF",
            "Id": "252",
            "IsActive": true,
            "Name": "French - Burkina Faso",
            "SortOrder": 252
        },
        {
            "Code": "FRE-CM",
            "Id": "253",
            "IsActive": true,
            "Name": "French - Cameroon",
            "SortOrder": 253
        },
        {
            "Code": "FRE-TD",
            "Id": "254",
            "IsActive": true,
            "Name": "French - Chad",
            "SortOrder": 254
        },
        {
            "Code": "FRE-KM",
            "Id": "255",
            "IsActive": true,
            "Name": "French - Comoros",
            "SortOrder": 255
        },
        {
            "Code": "FRE-CG",
            "Id": "256",
            "IsActive": true,
            "Name": "French - Republic of the Congo",
            "SortOrder": 256
        },
        {
            "Code": "FRE-DJ",
            "Id": "257",
            "IsActive": true,
            "Name": "French - Djibouti",
            "SortOrder": 257
        },
        {
            "Code": "FRE-GQ",
            "Id": "258",
            "IsActive": true,
            "Name": "French - Equatorial Guinea",
            "SortOrder": 258
        },
        {
            "Code": "FRE-GA",
            "Id": "259",
            "IsActive": true,
            "Name": "French - Gabon",
            "SortOrder": 259
        },
        {
            "Code": "FRE-GN",
            "Id": "260",
            "IsActive": true,
            "Name": "French - Guinea",
            "SortOrder": 260
        },
        {
            "Code": "FRE-MU",
            "Id": "261",
            "IsActive": true,
            "Name": "French - Mauritius",
            "SortOrder": 261
        },
        {
            "Code": "FRE-NE",
            "Id": "262",
            "IsActive": true,
            "Name": "French - Niger",
            "SortOrder": 262
        },
        {
            "Code": "FRE-CI",
            "Id": "263",
            "IsActive": true,
            "Name": "French - Republic of the Côte d'Ivoire",
            "SortOrder": 263
        },
        {
            "Code": "FRE-SN",
            "Id": "264",
            "IsActive": true,
            "Name": "French - Senegal",
            "SortOrder": 264
        },
        {
            "Code": "FRE-SC",
            "Id": "265",
            "IsActive": true,
            "Name": "French - Seychelles",
            "SortOrder": 265
        },
        {
            "Code": "FRE-TG",
            "Id": "266",
            "IsActive": true,
            "Name": "French - Togo",
            "SortOrder": 266
        },
        {
            "Code": "POR-AO",
            "Id": "267",
            "IsActive": true,
            "Name": "Portuguese - Angola",
            "SortOrder": 267
        },
        {
            "Code": "POR-MZ",
            "Id": "268",
            "IsActive": true,
            "Name": "Portuguese - Mozambique",
            "SortOrder": 268
        },
        {
            "Code": "SOT-LS",
            "Id": "269",
            "IsActive": true,
            "Name": "Sesotho - Lesotho",
            "SortOrder": 269
        },
        {
            "Code": "SPA-GQ",
            "Id": "270",
            "IsActive": true,
            "Name": "Spanish - Equatorial Guinea",
            "SortOrder": 270
        },
        {
            "Code": "ENG-PT",
            "Id": "271",
            "IsActive": true,
            "Name": "English - Portugal",
            "SortOrder": 271
        },
        {
            "Code": "AFR-ZA",
            "Id": "272",
            "IsActive": true,
            "Name": "Afrikaans - South Africa",
            "SortOrder": 272
        },
        {
            "Code": "CHN-CA",
            "Id": "273",
            "IsActive": true,
            "Name": "Chinese Simplified - Canada",
            "SortOrder": 273
        },
        {
            "Code": "ENG-MM",
            "Id": "274",
            "IsActive": true,
            "Name": "English - Myanmar",
            "SortOrder": 274
        },
        {
            "Code": "BUR-MM",
            "Id": "275",
            "IsActive": true,
            "Name": "Burmese - Myanmar",
            "SortOrder": 275
        },
        {
            "Code": "KAZ-KZ",
            "Id": "276",
            "IsActive": true,
            "Name": "Kazakh - Kazakhstan",
            "SortOrder": 276
        },
        {
            "Code": "NOB-NO",
            "Id": "277",
            "IsActive": true,
            "Name": "Bokmal - Norway",
            "SortOrder": 277
        },
        {
            "Code": "SIN-LK",
            "Id": "279",
            "IsActive": true,
            "Name": "Sinhala - Sri Lanka",
            "SortOrder": 279
        },
        {
            "Code": "ENG-GY",
            "Id": "280",
            "IsActive": true,
            "Name": "English - Guyana",
            "SortOrder": 280
        },
        {
            "Code": "SWA-TZ",
            "Id": "281",
            "IsActive": true,
            "Name": "Swahili - Tanzania",
            "SortOrder": 281
        },
        {
            "Code": "ENG-BG",
            "Id": "282",
            "IsActive": true,
            "Name": "English - Bulgaria",
            "SortOrder": 282
        },
        {
            "Code": "ENG-CR",
            "Id": "283",
            "IsActive": true,
            "Name": "English - Costa Rica",
            "SortOrder": 283
        },
        {
            "Code": "ENG-HR",
            "Id": "284",
            "IsActive": true,
            "Name": "English - Croatia",
            "SortOrder": 284
        },
        {
            "Code": "ENG-CZ",
            "Id": "285",
            "IsActive": true,
            "Name": "English - Czech Republic",
            "SortOrder": 285
        },
        {
            "Code": "ENG-DO",
            "Id": "286",
            "IsActive": true,
            "Name": "English - Dominican Republic",
            "SortOrder": 286
        },
        {
            "Code": "ENG-EC",
            "Id": "287",
            "IsActive": true,
            "Name": "English - Ecuador",
            "SortOrder": 287
        },
        {
            "Code": "ENG-SV",
            "Id": "288",
            "IsActive": true,
            "Name": "English - El Salvador",
            "SortOrder": 288
        },
        {
            "Code": "ENG-EE",
            "Id": "289",
            "IsActive": true,
            "Name": "English - Estonia",
            "SortOrder": 289
        },
        {
            "Code": "ENG-GT",
            "Id": "290",
            "IsActive": true,
            "Name": "English - Guatemala",
            "SortOrder": 290
        },
        {
            "Code": "ENG-HN",
            "Id": "291",
            "IsActive": true,
            "Name": "English - Honduras",
            "SortOrder": 291
        },
        {
            "Code": "ENG-IS",
            "Id": "292",
            "IsActive": true,
            "Name": "English - Iceland",
            "SortOrder": 292
        },
        {
            "Code": "ENG-IQ",
            "Id": "293",
            "IsActive": true,
            "Name": "English - Iraq",
            "SortOrder": 293
        },
        {
            "Code": "ENG-JO",
            "Id": "294",
            "IsActive": true,
            "Name": "English - Jordan",
            "SortOrder": 294
        },
        {
            "Code": "ENG-LV",
            "Id": "295",
            "IsActive": true,
            "Name": "English - Latvia",
            "SortOrder": 295
        },
        {
            "Code": "ENG-LY",
            "Id": "296",
            "IsActive": true,
            "Name": "English - Libyan Arab Jamahiriya",
            "SortOrder": 296
        },
        {
            "Code": "ENG-LT",
            "Id": "297",
            "IsActive": true,
            "Name": "English - Lithuania",
            "SortOrder": 297
        },
        {
            "Code": "ENG-NI",
            "Id": "298",
            "IsActive": true,
            "Name": "English - Nicaragua",
            "SortOrder": 298
        },
        {
            "Code": "ENG-OM",
            "Id": "299",
            "IsActive": true,
            "Name": "English - Oman",
            "SortOrder": 299
        },
        {
            "Code": "ENG-PS",
            "Id": "300",
            "IsActive": true,
            "Name": "English - Palestine",
            "SortOrder": 300
        },
        {
            "Code": "ENG-PA",
            "Id": "301",
            "IsActive": true,
            "Name": "English - Panama",
            "SortOrder": 301
        },
        {
            "Code": "ENG-PY",
            "Id": "302",
            "IsActive": true,
            "Name": "English - Paraguay",
            "SortOrder": 302
        },
        {
            "Code": "ENG-PE",
            "Id": "303",
            "IsActive": true,
            "Name": "English - Peru",
            "SortOrder": 303
        },
        {
            "Code": "ENG-RS",
            "Id": "304",
            "IsActive": true,
            "Name": "English - Serbia",
            "SortOrder": 304
        },
        {
            "Code": "ENG-SK",
            "Id": "305",
            "IsActive": true,
            "Name": "English - Slovakia (Slovak Republic)",
            "SortOrder": 305
        },
        {
            "Code": "ENG-SI",
            "Id": "306",
            "IsActive": true,
            "Name": "English - Slovenia",
            "SortOrder": 306
        },
        {
            "Code": "ENG-LK",
            "Id": "307",
            "IsActive": true,
            "Name": "English - Sri Lanka",
            "SortOrder": 307
        },
        {
            "Code": "ENG-TW",
            "Id": "308",
            "IsActive": true,
            "Name": "English - Taiwan Province Of China",
            "SortOrder": 308
        },
        {
            "Code": "ENG-UA",
            "Id": "309",
            "IsActive": true,
            "Name": "English - Ukraine",
            "SortOrder": 309
        },
        {
            "Code": "ENG-UY",
            "Id": "310",
            "IsActive": true,
            "Name": "English - Uruguay",
            "SortOrder": 310
        },
        {
            "Code": "ENG-VE",
            "Id": "311",
            "IsActive": true,
            "Name": "English - Venezuela",
            "SortOrder": 311
        },
        {
            "Code": "ENG-YE",
            "Id": "312",
            "IsActive": true,
            "Name": "English - Yemen",
            "SortOrder": 312
        },
        {
            "Code": "ENG-HT",
            "Id": "313",
            "IsActive": true,
            "Name": "English - Haiti",
            "SortOrder": 313
        },
        {
            "Code": "POR-CV",
            "Id": "314",
            "IsActive": true,
            "Name": "Portuguese - Cape Verde",
            "SortOrder": 314
        },
        {
            "Code": "POR-GQ",
            "Id": "315",
            "IsActive": true,
            "Name": "Portuguese - Equatorial Guinea",
            "SortOrder": 315
        },
        {
            "Code": "ARA-ER",
            "Id": "316",
            "IsActive": true,
            "Name": "Arabic - Eritrea",
            "SortOrder": 316
        },
        {
            "Code": "POR-GW",
            "Id": "317",
            "IsActive": true,
            "Name": "Portuguese - Guinea-Bissau",
            "SortOrder": 317
        },
        {
            "Code": "FRE-MG",
            "Id": "318",
            "IsActive": true,
            "Name": "French - Madagascar",
            "SortOrder": 318
        },
        {
            "Code": "FRE-ML",
            "Id": "319",
            "IsActive": true,
            "Name": "French - Mali",
            "SortOrder": 319
        },
        {
            "Code": "PAN-PK",
            "Id": "320",
            "IsActive": true,
            "Name": "Punjabi - Pakistan",
            "SortOrder": 320
        },
        {
            "Code": "FRE-RW",
            "Id": "321",
            "IsActive": true,
            "Name": "French - Rwanda",
            "SortOrder": 321
        },
        {
            "Code": "POR-ST",
            "Id": "322",
            "IsActive": true,
            "Name": "Portuguese - Sao Tome And Principe",
            "SortOrder": 322
        },
        {
            "Code": "FRE-HT",
            "Id": "323",
            "IsActive": true,
            "Name": "French - Haiti",
            "SortOrder": 323
        },
        {
            "Code": "ENG-CD",
            "Id": "324",
            "IsActive": true,
            "Name": "English - Democratic Republic of the Congo",
            "SortOrder": 324
        },
        {
            "Code": "FRE-CD",
            "Id": "325",
            "IsActive": true,
            "Name": "French - Democratic Republic of the Congo",
            "SortOrder": 325
        },
        {
            "Code": "RUM-MD",
            "Id": "326",
            "IsActive": true,
            "Name": "Romanian - Moldova",
            "SortOrder": 326
        },
        {
            "Code": "ENG-MD",
            "Id": "327",
            "IsActive": true,
            "Name": "English - Moldova",
            "SortOrder": 327
        }
    ],
    "AllIndustries": [
        {
            "Code": "AUTO",
            "Id": "1",
            "IsActive": true,
            "Name": "Automotive",
            "SortOrder": 1
        },
        {
            "Code": "BEAU",
            "Id": "2",
            "IsActive": true,
            "Name": "Beauty/Cosmetics",
            "SortOrder": 2
        },
        {
            "Code": "BEV-AL",
            "Id": "3",
            "IsActive": true,
            "Name": "Beverages - Alcoholic",
            "SortOrder": 3
        },
        {
            "Code": "BEV-NONAL",
            "Id": "4",
            "IsActive": true,
            "Name": "Beverages - Non Alcoholic",
            "SortOrder": 4
        },
        {
            "Code": "EDUC",
            "Id": "5",
            "IsActive": true,
            "Name": "Education",
            "SortOrder": 5
        },
        {
            "Code": "ELEC",
            "Id": "6",
            "IsActive": true,
            "Name": "Electronics/Computer/Software",
            "SortOrder": 6
        },
        {
            "Code": "ENTE",
            "Id": "7",
            "IsActive": true,
            "Name": "Entertainment (Movies, Music, TV, etc)",
            "SortOrder": 7
        },
        {
            "Code": "FASH",
            "Id": "8",
            "IsActive": true,
            "Name": "Fashion/Clothing",
            "SortOrder": 8
        },
        {
            "Code": "FINA",
            "Id": "9",
            "IsActive": true,
            "Name": "Financial Services/Insurance",
            "SortOrder": 9
        },
        {
            "Code": "FOOD",
            "Id": "10",
            "IsActive": true,
            "Name": "Food/Snacks",
            "SortOrder": 10
        },
        {
            "Code": "GAMB",
            "Id": "11",
            "IsActive": true,
            "Name": "Gambling/Lottery",
            "SortOrder": 11
        },
        {
            "Code": "HEAL",
            "Id": "12",
            "IsActive": true,
            "Name": "Healthcare/Pharmaceuticals",
            "SortOrder": 12
        },
        {
            "Code": "HOME-UT",
            "Id": "13",
            "IsActive": true,
            "Name": "Home (Utilities, Appliances, ...)",
            "SortOrder": 13
        },
        {
            "Code": "HOME-EN",
            "Id": "14",
            "IsActive": true,
            "Name": "Home Entertainment (DVD, VHS)",
            "SortOrder": 14
        },
        {
            "Code": "HOME-IM",
            "Id": "15",
            "IsActive": true,
            "Name": "Home Improvement/Real Estate/Construction",
            "SortOrder": 15
        },
        {
            "Code": "IT",
            "Id": "16",
            "IsActive": true,
            "Name": "IT (Servers, Databases, etc)",
            "SortOrder": 16
        },
        {
            "Code": "PERS",
            "Id": "17",
            "IsActive": true,
            "Name": "Personal Care/Toiletries",
            "SortOrder": 17
        },
        {
            "Code": "PETS",
            "Id": "18",
            "IsActive": true,
            "Name": "Pets",
            "SortOrder": 18
        },
        {
            "Code": "POLI",
            "Id": "19",
            "IsActive": true,
            "Name": "Politics",
            "SortOrder": 19
        },
        {
            "Code": "PUBL",
            "Id": "20",
            "IsActive": true,
            "Name": "Publishing (Newspaper, Magazines, Books)",
            "SortOrder": 20
        },
        {
            "Code": "REST",
            "Id": "21",
            "IsActive": true,
            "Name": "Restaurants",
            "SortOrder": 21
        },
        {
            "Code": "SPOR",
            "Id": "22",
            "IsActive": true,
            "Name": "Sports",
            "SortOrder": 22
        },
        {
            "Code": "TELE",
            "Id": "23",
            "IsActive": true,
            "Name": "Telecommunications (phone, cell phone, cable)",
            "SortOrder": 23
        },
        {
            "Code": "TOBA",
            "Id": "24",
            "IsActive": true,
            "Name": "Tobacco (Smokers)",
            "SortOrder": 24
        },
        {
            "Code": "TOYS",
            "Id": "25",
            "IsActive": true,
            "Name": "Toys",
            "SortOrder": 25
        },
        {
            "Code": "TRAN",
            "Id": "26",
            "IsActive": true,
            "Name": "Transportation/Shipping",
            "SortOrder": 26
        },
        {
            "Code": "TRAV",
            "Id": "27",
            "IsActive": true,
            "Name": "Travel",
            "SortOrder": 27
        },
        {
            "Code": "VIDE",
            "Id": "28",
            "IsActive": true,
            "Name": "Video Games",
            "SortOrder": 28
        },
        {
            "Code": "WEBS",
            "Id": "29",
            "IsActive": true,
            "Name": "Websites/Internet/E-Commerce",
            "SortOrder": 29
        },
        {
            "Code": "Z_OT",
            "Id": "30",
            "IsActive": true,
            "Name": "Other",
            "SortOrder": 30
        },
        {
            "Code": "SENS",
            "Id": "31",
            "IsActive": true,
            "Name": "Sensitive Content",
            "SortOrder": 31
        },
        {
            "Code": "EXPL",
            "Id": "32",
            "IsActive": true,
            "Name": "Explicit Content",
            "SortOrder": 32
        }
    ],
    "AllProposalTypes": [],
    "AllQuestionClassifications": [],
    "AllSampleTypes": [
        {
            "Code": "Consumer",
            "Id": "100",
            "IsActive": true,
            "Name": "Consumer",
            "SortOrder": 1
        },
        {
            "Code": "B2B",
            "Id": "101",
            "IsActive": true,
            "Name": "Business-To-Business",
            "SortOrder": 2
        },
        {
            "Code": "ITDM",
            "Id": "102",
            "IsActive": true,
            "Name": "Information Technology Decision Maker",
            "SortOrder": 3
        },
        {
            "Code": "Healthcare",
            "Id": "103",
            "IsActive": true,
            "Name": "Healthcare",
            "SortOrder": 4
        },
        {
            "Code": "Medical Pro",
            "Id": "104",
            "IsActive": true,
            "Name": "Medical Professionals",
            "SortOrder": 5
        },
        {
            "Code": "Recruits",
            "Id": "105",
            "IsActive": true,
            "Name": "Panel Recruits",
            "SortOrder": 6
        }
    ],
    "AllStudyTypes": [
        {
            "Code": "ADH",
            "Id": "1",
            "IsActive": true,
            "Name": "Adhoc",
            "SortOrder": 1
        },
        {
            "Code": "DIA",
            "Id": "2",
            "IsActive": true,
            "Name": "Diary",
            "SortOrder": 2
        },
        {
            "Code": "IHU",
            "Id": "5",
            "IsActive": true,
            "Name": "IHUT",
            "SortOrder": 5
        },
        {
            "Code": "REC - CLT",
            "Id": "8",
            "IsActive": true,
            "Name": "Community Build",
            "SortOrder": 8
        },
        {
            "Code": "REC - F2F",
            "Id": "9",
            "IsActive": true,
            "Name": "Face to Face",
            "SortOrder": 9
        },
        {
            "Code": "REC - PAN",
            "Id": "11",
            "IsActive": true,
            "Name": "Recruit - Panel",
            "SortOrder": 11
        },
        {
            "Code": "TRA - MON",
            "Id": "13",
            "IsActive": true,
            "Name": "Tracking - Monthly",
            "SortOrder": 13
        },
        {
            "Code": "TRA - QUA",
            "Id": "14",
            "IsActive": true,
            "Name": "Tracking - Quarterly",
            "SortOrder": 14
        },
        {
            "Code": "TRA - WEEK",
            "Id": "15",
            "IsActive": true,
            "Name": "Tracking - Weekly",
            "SortOrder": 15
        },
        {
            "Code": "WAV",
            "Id": "16",
            "IsActive": true,
            "Name": "Wave Study",
            "SortOrder": 16
        },
        {
            "Code": "WTP",
            "Id": "17",
            "IsActive": true,
            "Name": "Qualitative Screening",
            "SortOrder": 17
        },
        {
            "Code": "IUS",
            "Id": "18",
            "IsActive": true,
            "Name": "Internal Use",
            "SortOrder": 18
        },
        {
            "Code": "IC",
            "Id": "21",
            "IsActive": true,
            "Name": "Incidence Check",
            "SortOrder": 21
        },
        {
            "Code": "RECON",
            "Id": "22",
            "IsActive": true,
            "Name": "Recontact",
            "SortOrder": 22
        },
        {
            "Code": "AER",
            "Id": "23",
            "IsActive": true,
            "Name": "Ad Effectiveness Research",
            "SortOrder": 23
        },
        {
            "Code": "PE",
            "Id": "24",
            "IsActive": true,
            "Name": "Proof Exposed",
            "SortOrder": 24
        },
        {
            "Code": "PC",
            "Id": "25",
            "IsActive": true,
            "Name": "Proof Control",
            "SortOrder": 25
        }
    ],
    "AllSupplierLinkTypes": [
        {
            "Code": "TS",
            "Id": "1",
            "IsActive": true,
            "Name": "Targeted / Standalone",
            "SortOrder": 1
        },
        {
            "Code": "PS",
            "Id": "5",
            "IsActive": true,
            "Name": "Passthrough / Standalone",
            "SortOrder": 5
        },
        {
            "Code": "OWS",
            "Id": "18",
            "IsActive": true,
            "Name": "Offerwall / Standalone",
            "SortOrder": 18
        },
        {
            "Code": "ADS",
            "Id": "24",
            "IsActive": true,
            "Name": "APIDelivered / Standalone",
            "SortOrder": 24
        },
        {
            "Code": "YM",
            "Id": "30",
            "IsActive": true,
            "Name": "Yield Management (Pulley)",
            "SortOrder": 30
        }
    ],
    "AllSupplierPreferenceTypes": [],
    "AllSupplierRequestStatuses": [],
    "AllSupplierTrackingUrlTypes": [],
    "AllSurveyPlatforms": [],
    "AllSurveyStatuses": [
        {
            "Code": "06",
            "Id": "0",
            "IsActive": true,
            "Name": "Canceled - Non Charged",
            "SortOrder": 0
        },
        {
            "Code": "02",
            "Id": "1",
            "IsActive": true,
            "Name": "Pending",
            "SortOrder": 1
        },
        {
            "Code": "03",
            "Id": "2",
            "IsActive": true,
            "Name": "Live",
            "SortOrder": 2
        },
        {
            "Code": "04",
            "Id": "3",
            "IsActive": true,
            "Name": "Complete",
            "SortOrder": 3
        },
        {
            "Code": "01",
            "Id": "4",
            "IsActive": true,
            "Name": "Awarded",
            "SortOrder": 4
        },
        {
            "Code": "05",
            "Id": "5",
            "IsActive": true,
            "Name": "Canceled - With Charge",
            "SortOrder": 5
        },
        {
            "Code": "09",
            "Id": "6",
            "IsActive": true,
            "Name": "Invoiced",
            "SortOrder": 6
        },
        {
            "Code": "07",
            "Id": "7",
            "IsActive": true,
            "Name": "Complete - Non Charged",
            "SortOrder": 7
        },
        {
            "Code": "08",
            "Id": "8",
            "IsActive": true,
            "Name": "Completes Approved",
            "SortOrder": 8
        },
        {
            "Code": "10",
            "Id": "9",
            "IsActive": true,
            "Name": "Bid",
            "SortOrder": 9
        },
        {
            "Code": "11",
            "Id": "10",
            "IsActive": true,
            "Name": "Archived",
            "SortOrder": 10
        },
        {
            "Code": "12",
            "Id": "11",
            "IsActive": true,
            "Name": "Paid",
            "SortOrder": 11
        },
        {
            "Code": "13",
            "Id": "12",
            "IsActive": true,
            "Name": "Ready to Invoice",
            "SortOrder": 12
        }
    ],
    "AllThirdPartyServices": []
}
