result_id,scenario_id,analysis_id,parameter_id,method,policy,max_items,stop_early,guessing,n_participants,metric,estimate,mc_se,decision_metric,decision_value,decision_threshold,meets_requirement,participant_payment,currency
max_information_m8_g0.00_fixed__rmse,max_information_m8_g0.00_fixed,ability,rmse,precision-estimation,max_information,8,False,0.0,40,rmse,0.6236754326070859,0.014373510987166835,rmse,0.6236754326070859,0.45,False,13.2,USD
max_information_m8_g0.00_fixed__mae,max_information_m8_g0.00_fixed,ability,mae,precision-estimation,max_information,8,False,0.0,40,mae,0.5019151813051118,0.011260902691702145,rmse,,0.45,False,13.2,USD
max_information_m8_g0.00_fixed__bias,max_information_m8_g0.00_fixed,ability,bias,precision-estimation,max_information,8,False,0.0,40,bias,0.0074232632816856855,0.030857144322357873,rmse,,0.45,False,13.2,USD
max_information_m8_g0.00_fixed__pearson_r,max_information_m8_g0.00_fixed,ability,pearson_r,precision-estimation,max_information,8,False,0.0,40,pearson_r,0.7845284326398579,0.013742117728252522,rmse,,0.45,False,13.2,USD
max_information_m8_g0.00_fixed__mean_posterior_sd,max_information_m8_g0.00_fixed,ability,mean_posterior_sd,precision-estimation,max_information,8,False,0.0,40,mean_posterior_sd,0.6037314413424586,0.00032734738775549695,rmse,,0.45,False,13.2,USD
max_information_m8_g0.00_fixed__coverage_95,max_information_m8_g0.00_fixed,ability,coverage_95,precision-estimation,max_information,8,False,0.0,40,coverage_95,0.9387500000000001,0.009154198059101797,rmse,,0.45,False,13.2,USD
max_information_m8_g0.00_fixed__mean_n_observations,max_information_m8_g0.00_fixed,ability,mean_n_observations,precision-estimation,max_information,8,False,0.0,40,mean_n_observations,8.0,0.0,rmse,,0.45,False,13.2,USD
max_information_m8_g0.00_fixed__mean_fit_seconds,max_information_m8_g0.00_fixed,ability,mean_fit_seconds,precision-estimation,max_information,8,False,0.0,40,mean_fit_seconds,2.7473408592655342e-05,5.203993460155274e-08,rmse,,0.45,False,13.2,USD
max_information_m8_g0.00_fixed__mean_select_seconds,max_information_m8_g0.00_fixed,ability,mean_select_seconds,precision-estimation,max_information,8,False,0.0,40,mean_select_seconds,0.0002650211631243593,2.7000585942035215e-07,rmse,,0.45,False,13.2,USD
max_information_m8_g0.25_fixed__rmse,max_information_m8_g0.25_fixed,ability,rmse,precision-estimation,max_information,8,False,0.25,40,rmse,0.8152971067805181,0.024026763945202857,rmse,0.8152971067805181,0.45,False,13.2,USD
max_information_m8_g0.25_fixed__mae,max_information_m8_g0.25_fixed,ability,mae,precision-estimation,max_information,8,False,0.25,40,mae,0.6532732056110794,0.018308028816826496,rmse,,0.45,False,13.2,USD
max_information_m8_g0.25_fixed__bias,max_information_m8_g0.25_fixed,ability,bias,precision-estimation,max_information,8,False,0.25,40,bias,0.416773985894331,0.023936560095538028,rmse,,0.45,False,13.2,USD
max_information_m8_g0.25_fixed__pearson_r,max_information_m8_g0.25_fixed,ability,pearson_r,precision-estimation,max_information,8,False,0.25,40,pearson_r,0.7043795690266454,0.016248853508490046,rmse,,0.45,False,13.2,USD
max_information_m8_g0.25_fixed__mean_posterior_sd,max_information_m8_g0.25_fixed,ability,mean_posterior_sd,precision-estimation,max_information,8,False,0.25,40,mean_posterior_sd,0.6042126171996183,0.000243708422759248,rmse,,0.45,False,13.2,USD
max_information_m8_g0.25_fixed__coverage_95,max_information_m8_g0.25_fixed,ability,coverage_95,precision-estimation,max_information,8,False,0.25,40,coverage_95,0.85,0.01450952500220023,rmse,,0.45,False,13.2,USD
max_information_m8_g0.25_fixed__mean_n_observations,max_information_m8_g0.25_fixed,ability,mean_n_observations,precision-estimation,max_information,8,False,0.25,40,mean_n_observations,8.0,0.0,rmse,,0.45,False,13.2,USD
max_information_m8_g0.25_fixed__mean_fit_seconds,max_information_m8_g0.25_fixed,ability,mean_fit_seconds,precision-estimation,max_information,8,False,0.25,40,mean_fit_seconds,2.71642564059249e-05,1.7193738316301846e-08,rmse,,0.45,False,13.2,USD
max_information_m8_g0.25_fixed__mean_select_seconds,max_information_m8_g0.25_fixed,ability,mean_select_seconds,precision-estimation,max_information,8,False,0.25,40,mean_select_seconds,0.0002645405809369983,3.1546200380476114e-07,rmse,,0.45,False,13.2,USD
max_information_m12_g0.00_fixed__rmse,max_information_m12_g0.00_fixed,ability,rmse,precision-estimation,max_information,12,False,0.0,40,rmse,0.523672403634085,0.013249590995380906,rmse,0.523672403634085,0.45,False,17.466666666666665,USD
max_information_m12_g0.00_fixed__mae,max_information_m12_g0.00_fixed,ability,mae,precision-estimation,max_information,12,False,0.0,40,mae,0.4204176160626427,0.009676545159803533,rmse,,0.45,False,17.466666666666665,USD
max_information_m12_g0.00_fixed__bias,max_information_m12_g0.00_fixed,ability,bias,precision-estimation,max_information,12,False,0.0,40,bias,0.00462764875858326,0.02041206313469582,rmse,,0.45,False,17.466666666666665,USD
max_information_m12_g0.00_fixed__pearson_r,max_information_m12_g0.00_fixed,ability,pearson_r,precision-estimation,max_information,12,False,0.0,40,pearson_r,0.8391642867940794,0.008723336988622665,rmse,,0.45,False,17.466666666666665,USD
max_information_m12_g0.00_fixed__mean_posterior_sd,max_information_m12_g0.00_fixed,ability,mean_posterior_sd,precision-estimation,max_information,12,False,0.0,40,mean_posterior_sd,0.5250632270663387,0.0003023468744054653,rmse,,0.45,False,17.466666666666665,USD
max_information_m12_g0.00_fixed__coverage_95,max_information_m12_g0.00_fixed,ability,coverage_95,precision-estimation,max_information,12,False,0.0,40,coverage_95,0.94625,0.008749999999999997,rmse,,0.45,False,17.466666666666665,USD
max_information_m12_g0.00_fixed__mean_n_observations,max_information_m12_g0.00_fixed,ability,mean_n_observations,precision-estimation,max_information,12,False,0.0,40,mean_n_observations,12.0,0.0,rmse,,0.45,False,17.466666666666665,USD
max_information_m12_g0.00_fixed__mean_fit_seconds,max_information_m12_g0.00_fixed,ability,mean_fit_seconds,precision-estimation,max_information,12,False,0.0,40,mean_fit_seconds,2.930009145836483e-05,1.7122259302038263e-08,rmse,,0.45,False,17.466666666666665,USD
max_information_m12_g0.00_fixed__mean_select_seconds,max_information_m12_g0.00_fixed,ability,mean_select_seconds,precision-estimation,max_information,12,False,0.0,40,mean_select_seconds,0.00024683181093739865,1.6882579059298658e-07,rmse,,0.45,False,17.466666666666665,USD
max_information_m12_g0.25_fixed__rmse,max_information_m12_g0.25_fixed,ability,rmse,precision-estimation,max_information,12,False,0.25,40,rmse,0.8268820377635635,0.02754989755797642,rmse,0.8268820377635635,0.45,False,17.466666666666665,USD
max_information_m12_g0.25_fixed__mae,max_information_m12_g0.25_fixed,ability,mae,precision-estimation,max_information,12,False,0.25,40,mae,0.6621627657659717,0.023375154631886327,rmse,,0.45,False,17.466666666666665,USD
max_information_m12_g0.25_fixed__bias,max_information_m12_g0.25_fixed,ability,bias,precision-estimation,max_information,12,False,0.25,40,bias,0.5119408351135659,0.02967074606947491,rmse,,0.45,False,17.466666666666665,USD
max_information_m12_g0.25_fixed__pearson_r,max_information_m12_g0.25_fixed,ability,pearson_r,precision-estimation,max_information,12,False,0.25,40,pearson_r,0.7569600079513353,0.01356929287128203,rmse,,0.45,False,17.466666666666665,USD
max_information_m12_g0.25_fixed__mean_posterior_sd,max_information_m12_g0.25_fixed,ability,mean_posterior_sd,precision-estimation,max_information,12,False,0.25,40,mean_posterior_sd,0.5257009537655359,0.0002640612192334811,rmse,,0.45,False,17.466666666666665,USD
max_information_m12_g0.25_fixed__coverage_95,max_information_m12_g0.25_fixed,ability,coverage_95,precision-estimation,max_information,12,False,0.25,40,coverage_95,0.78625,0.01827017630197539,rmse,,0.45,False,17.466666666666665,USD
max_information_m12_g0.25_fixed__mean_n_observations,max_information_m12_g0.25_fixed,ability,mean_n_observations,precision-estimation,max_information,12,False,0.25,40,mean_n_observations,12.0,0.0,rmse,,0.45,False,17.466666666666665,USD
max_information_m12_g0.25_fixed__mean_fit_seconds,max_information_m12_g0.25_fixed,ability,mean_fit_seconds,precision-estimation,max_information,12,False,0.25,40,mean_fit_seconds,2.9319542084103037e-05,3.4877864210991546e-08,rmse,,0.45,False,17.466666666666665,USD
max_information_m12_g0.25_fixed__mean_select_seconds,max_information_m12_g0.25_fixed,ability,mean_select_seconds,precision-estimation,max_information,12,False,0.25,40,mean_select_seconds,0.00024769417333295966,2.646445564431817e-07,rmse,,0.45,False,17.466666666666665,USD
max_information_m16_g0.00_fixed__rmse,max_information_m16_g0.00_fixed,ability,rmse,precision-estimation,max_information,16,False,0.0,40,rmse,0.4770116534219574,0.013666530998150602,rmse,0.4770116534219574,0.45,False,21.733333333333334,USD
max_information_m16_g0.00_fixed__mae,max_information_m16_g0.00_fixed,ability,mae,precision-estimation,max_information,16,False,0.0,40,mae,0.3828423210041703,0.011212763844056835,rmse,,0.45,False,21.733333333333334,USD
max_information_m16_g0.00_fixed__bias,max_information_m16_g0.00_fixed,ability,bias,precision-estimation,max_information,16,False,0.0,40,bias,0.003634337485341762,0.013865397570609879,rmse,,0.45,False,21.733333333333334,USD
max_information_m16_g0.00_fixed__pearson_r,max_information_m16_g0.00_fixed,ability,pearson_r,precision-estimation,max_information,16,False,0.0,40,pearson_r,0.8878977052197143,0.008518469381898328,rmse,,0.45,False,21.733333333333334,USD
max_information_m16_g0.00_fixed__mean_posterior_sd,max_information_m16_g0.00_fixed,ability,mean_posterior_sd,precision-estimation,max_information,16,False,0.0,40,mean_posterior_sd,0.47516585027917924,0.0003829258662080267,rmse,,0.45,False,21.733333333333334,USD
max_information_m16_g0.00_fixed__coverage_95,max_information_m16_g0.00_fixed,ability,coverage_95,precision-estimation,max_information,16,False,0.0,40,coverage_95,0.9475,0.00886670294149023,rmse,,0.45,False,21.733333333333334,USD
max_information_m16_g0.00_fixed__mean_n_observations,max_information_m16_g0.00_fixed,ability,mean_n_observations,precision-estimation,max_information,16,False,0.0,40,mean_n_observations,16.0,0.0,rmse,,0.45,False,21.733333333333334,USD
max_information_m16_g0.00_fixed__mean_fit_seconds,max_information_m16_g0.00_fixed,ability,mean_fit_seconds,precision-estimation,max_information,16,False,0.0,40,mean_fit_seconds,3.359635976530662e-05,7.908057323752835e-07,rmse,,0.45,False,21.733333333333334,USD
max_information_m16_g0.00_fixed__mean_select_seconds,max_information_m16_g0.00_fixed,ability,mean_select_seconds,precision-estimation,max_information,16,False,0.0,40,mean_select_seconds,0.00023738934140561159,1.91865923063004e-06,rmse,,0.45,False,21.733333333333334,USD
max_information_m16_g0.25_fixed__rmse,max_information_m16_g0.25_fixed,ability,rmse,precision-estimation,max_information,16,False,0.25,40,rmse,0.7882628444486729,0.02692466595636241,rmse,0.7882628444486729,0.45,False,21.733333333333334,USD
max_information_m16_g0.25_fixed__mae,max_information_m16_g0.25_fixed,ability,mae,precision-estimation,max_information,16,False,0.25,40,mae,0.6410348422333939,0.023065482495692236,rmse,,0.45,False,21.733333333333334,USD
max_information_m16_g0.25_fixed__bias,max_information_m16_g0.25_fixed,ability,bias,precision-estimation,max_information,16,False,0.25,40,bias,0.5224372679314169,0.027512739441680697,rmse,,0.45,False,21.733333333333334,USD
max_information_m16_g0.25_fixed__pearson_r,max_information_m16_g0.25_fixed,ability,pearson_r,precision-estimation,max_information,16,False,0.25,40,pearson_r,0.7966566018302093,0.016107782983049053,rmse,,0.45,False,21.733333333333334,USD
max_information_m16_g0.25_fixed__mean_posterior_sd,max_information_m16_g0.25_fixed,ability,mean_posterior_sd,precision-estimation,max_information,16,False,0.25,40,mean_posterior_sd,0.4731683242151178,0.00047970943942607315,rmse,,0.45,False,21.733333333333334,USD
max_information_m16_g0.25_fixed__coverage_95,max_information_m16_g0.25_fixed,ability,coverage_95,precision-estimation,max_information,16,False,0.25,40,coverage_95,0.76625,0.018959357500772676,rmse,,0.45,False,21.733333333333334,USD
max_information_m16_g0.25_fixed__mean_n_observations,max_information_m16_g0.25_fixed,ability,mean_n_observations,precision-estimation,max_information,16,False,0.25,40,mean_n_observations,16.0,0.0,rmse,,0.45,False,21.733333333333334,USD
max_information_m16_g0.25_fixed__mean_fit_seconds,max_information_m16_g0.25_fixed,ability,mean_fit_seconds,precision-estimation,max_information,16,False,0.25,40,mean_fit_seconds,3.1678480782044714e-05,6.289553097941385e-08,rmse,,0.45,False,21.733333333333334,USD
max_information_m16_g0.25_fixed__mean_select_seconds,max_information_m16_g0.25_fixed,ability,mean_select_seconds,precision-estimation,max_information,16,False,0.25,40,mean_select_seconds,0.00023016708617142889,2.1036319563341673e-07,rmse,,0.45,False,21.733333333333334,USD
random_m8_g0.00_fixed__rmse,random_m8_g0.00_fixed,ability,rmse,precision-estimation,random,8,False,0.0,40,rmse,0.6395476975090025,0.019322822049312214,rmse,0.6395476975090025,0.45,False,13.2,USD
random_m8_g0.00_fixed__mae,random_m8_g0.00_fixed,ability,mae,precision-estimation,random,8,False,0.0,40,mae,0.5170688881323119,0.015740353530870905,rmse,,0.45,False,13.2,USD
random_m8_g0.00_fixed__bias,random_m8_g0.00_fixed,ability,bias,precision-estimation,random,8,False,0.0,40,bias,-0.02384005656309099,0.019486467092725918,rmse,,0.45,False,13.2,USD
random_m8_g0.00_fixed__pearson_r,random_m8_g0.00_fixed,ability,pearson_r,precision-estimation,random,8,False,0.0,40,pearson_r,0.7659515884821787,0.015547668881844464,rmse,,0.45,False,13.2,USD
random_m8_g0.00_fixed__mean_posterior_sd,random_m8_g0.00_fixed,ability,mean_posterior_sd,precision-estimation,random,8,False,0.0,40,mean_posterior_sd,0.6503986690699255,0.0008937683669839358,rmse,,0.45,False,13.2,USD
random_m8_g0.00_fixed__coverage_95,random_m8_g0.00_fixed,ability,coverage_95,precision-estimation,random,8,False,0.0,40,coverage_95,0.95875,0.007962700877413258,rmse,,0.45,False,13.2,USD
random_m8_g0.00_fixed__mean_n_observations,random_m8_g0.00_fixed,ability,mean_n_observations,precision-estimation,random,8,False,0.0,40,mean_n_observations,8.0,0.0,rmse,,0.45,False,13.2,USD
random_m8_g0.00_fixed__mean_fit_seconds,random_m8_g0.00_fixed,ability,mean_fit_seconds,precision-estimation,random,8,False,0.0,40,mean_fit_seconds,2.6032025624456168e-05,1.4995417429478172e-07,rmse,,0.45,False,13.2,USD
random_m8_g0.00_fixed__mean_select_seconds,random_m8_g0.00_fixed,ability,mean_select_seconds,precision-estimation,random,8,False,0.0,40,mean_select_seconds,2.1229109842977324e-05,5.172307138690855e-08,rmse,,0.45,False,13.2,USD
random_m8_g0.25_fixed__rmse,random_m8_g0.25_fixed,ability,rmse,precision-estimation,random,8,False,0.25,40,rmse,0.8576560915263609,0.02180085990504824,rmse,0.8576560915263609,0.45,False,13.2,USD
random_m8_g0.25_fixed__mae,random_m8_g0.25_fixed,ability,mae,precision-estimation,random,8,False,0.25,40,mae,0.6858665174164272,0.019028448519550375,rmse,,0.45,False,13.2,USD
random_m8_g0.25_fixed__bias,random_m8_g0.25_fixed,ability,bias,precision-estimation,random,8,False,0.25,40,bias,0.43080353608166366,0.023457299902092752,rmse,,0.45,False,13.2,USD
random_m8_g0.25_fixed__pearson_r,random_m8_g0.25_fixed,ability,pearson_r,precision-estimation,random,8,False,0.25,40,pearson_r,0.6435860796079642,0.020141590044200033,rmse,,0.45,False,13.2,USD
random_m8_g0.25_fixed__mean_posterior_sd,random_m8_g0.25_fixed,ability,mean_posterior_sd,precision-estimation,random,8,False,0.25,40,mean_posterior_sd,0.647779813008669,0.0007088373979168949,rmse,,0.45,False,13.2,USD
random_m8_g0.25_fixed__coverage_95,random_m8_g0.25_fixed,ability,coverage_95,precision-estimation,random,8,False,0.25,40,coverage_95,0.8700000000000001,0.012513150976809198,rmse,,0.45,False,13.2,USD
random_m8_g0.25_fixed__mean_n_observations,random_m8_g0.25_fixed,ability,mean_n_observations,precision-estimation,random,8,False,0.25,40,mean_n_observations,8.0,0.0,rmse,,0.45,False,13.2,USD
random_m8_g0.25_fixed__mean_fit_seconds,random_m8_g0.25_fixed,ability,mean_fit_seconds,precision-estimation,random,8,False,0.25,40,mean_fit_seconds,2.5960595780425424e-05,1.6690852905116155e-07,rmse,,0.45,False,13.2,USD
random_m8_g0.25_fixed__mean_select_seconds,random_m8_g0.25_fixed,ability,mean_select_seconds,precision-estimation,random,8,False,0.25,40,mean_select_seconds,2.1251303437885834e-05,1.3308673079041124e-07,rmse,,0.45,False,13.2,USD
random_m12_g0.00_fixed__rmse,random_m12_g0.00_fixed,ability,rmse,precision-estimation,random,12,False,0.0,40,rmse,0.5595555074430482,0.012408264262247757,rmse,0.5595555074430482,0.45,False,17.466666666666665,USD
random_m12_g0.00_fixed__mae,random_m12_g0.00_fixed,ability,mae,precision-estimation,random,12,False,0.0,40,mae,0.45336998846122817,0.011029169034256959,rmse,,0.45,False,17.466666666666665,USD
random_m12_g0.00_fixed__bias,random_m12_g0.00_fixed,ability,bias,precision-estimation,random,12,False,0.0,40,bias,0.0056645926306764915,0.019235570797715595,rmse,,0.45,False,17.466666666666665,USD
random_m12_g0.00_fixed__pearson_r,random_m12_g0.00_fixed,ability,pearson_r,precision-estimation,random,12,False,0.0,40,pearson_r,0.8211190849799938,0.013213664184400948,rmse,,0.45,False,17.466666666666665,USD
random_m12_g0.00_fixed__mean_posterior_sd,random_m12_g0.00_fixed,ability,mean_posterior_sd,precision-estimation,random,12,False,0.0,40,mean_posterior_sd,0.573748355618504,0.0009276077893285085,rmse,,0.45,False,17.466666666666665,USD
random_m12_g0.00_fixed__coverage_95,random_m12_g0.00_fixed,ability,coverage_95,precision-estimation,random,12,False,0.0,40,coverage_95,0.9575000000000001,0.007277398320539383,rmse,,0.45,False,17.466666666666665,USD
random_m12_g0.00_fixed__mean_n_observations,random_m12_g0.00_fixed,ability,mean_n_observations,precision-estimation,random,12,False,0.0,40,mean_n_observations,12.0,0.0,rmse,,0.45,False,17.466666666666665,USD
random_m12_g0.00_fixed__mean_fit_seconds,random_m12_g0.00_fixed,ability,mean_fit_seconds,precision-estimation,random,12,False,0.0,40,mean_fit_seconds,2.8085358124497376e-05,7.426652160477627e-08,rmse,,0.45,False,17.466666666666665,USD
random_m12_g0.00_fixed__mean_select_seconds,random_m12_g0.00_fixed,ability,mean_select_seconds,precision-estimation,random,12,False,0.0,40,mean_select_seconds,2.0909318125224747e-05,2.3993083024198932e-08,rmse,,0.45,False,17.466666666666665,USD
random_m12_g0.25_fixed__rmse,random_m12_g0.25_fixed,ability,rmse,precision-estimation,random,12,False,0.25,40,rmse,0.8686500468061176,0.02645149913950947,rmse,0.8686500468061176,0.45,False,17.466666666666665,USD
random_m12_g0.25_fixed__mae,random_m12_g0.25_fixed,ability,mae,precision-estimation,random,12,False,0.25,40,mae,0.6938981906176109,0.018496172175514816,rmse,,0.45,False,17.466666666666665,USD
random_m12_g0.25_fixed__bias,random_m12_g0.25_fixed,ability,bias,precision-estimation,random,12,False,0.25,40,bias,0.4979920962653227,0.026552425056922388,rmse,,0.45,False,17.466666666666665,USD
random_m12_g0.25_fixed__pearson_r,random_m12_g0.25_fixed,ability,pearson_r,precision-estimation,random,12,False,0.25,40,pearson_r,0.6643120847840714,0.0190023080762747,rmse,,0.45,False,17.466666666666665,USD
random_m12_g0.25_fixed__mean_posterior_sd,random_m12_g0.25_fixed,ability,mean_posterior_sd,precision-estimation,random,12,False,0.25,40,mean_posterior_sd,0.5701600672313571,0.0007873888242921974,rmse,,0.45,False,17.466666666666665,USD
random_m12_g0.25_fixed__coverage_95,random_m12_g0.25_fixed,ability,coverage_95,precision-estimation,random,12,False,0.25,40,coverage_95,0.8099999999999999,0.011669799078232485,rmse,,0.45,False,17.466666666666665,USD
random_m12_g0.25_fixed__mean_n_observations,random_m12_g0.25_fixed,ability,mean_n_observations,precision-estimation,random,12,False,0.25,40,mean_n_observations,12.0,0.0,rmse,,0.45,False,17.466666666666665,USD
random_m12_g0.25_fixed__mean_fit_seconds,random_m12_g0.25_fixed,ability,mean_fit_seconds,precision-estimation,random,12,False,0.25,40,mean_fit_seconds,2.803314135502907e-05,1.504717843097729e-08,rmse,,0.45,False,17.466666666666665,USD
random_m12_g0.25_fixed__mean_select_seconds,random_m12_g0.25_fixed,ability,mean_select_seconds,precision-estimation,random,12,False,0.25,40,mean_select_seconds,2.08773618741039e-05,5.757494543009897e-08,rmse,,0.45,False,17.466666666666665,USD
random_m16_g0.00_fixed__rmse,random_m16_g0.00_fixed,ability,rmse,precision-estimation,random,16,False,0.0,40,rmse,0.5292627029668427,0.011853910704452344,rmse,0.5292627029668427,0.45,False,21.733333333333334,USD
random_m16_g0.00_fixed__mae,random_m16_g0.00_fixed,ability,mae,precision-estimation,random,16,False,0.0,40,mae,0.4242918432254994,0.009688113286128707,rmse,,0.45,False,21.733333333333334,USD
random_m16_g0.00_fixed__bias,random_m16_g0.00_fixed,ability,bias,precision-estimation,random,16,False,0.0,40,bias,-0.018579163058945164,0.021366671043984466,rmse,,0.45,False,21.733333333333334,USD
random_m16_g0.00_fixed__pearson_r,random_m16_g0.00_fixed,ability,pearson_r,precision-estimation,random,16,False,0.0,40,pearson_r,0.8474698168074832,0.00827654095475543,rmse,,0.45,False,21.733333333333334,USD
random_m16_g0.00_fixed__mean_posterior_sd,random_m16_g0.00_fixed,ability,mean_posterior_sd,precision-estimation,random,16,False,0.0,40,mean_posterior_sd,0.5193544156109952,0.0009259323060474386,rmse,,0.45,False,21.733333333333334,USD
random_m16_g0.00_fixed__coverage_95,random_m16_g0.00_fixed,ability,coverage_95,precision-estimation,random,16,False,0.0,40,coverage_95,0.9475,0.0078848622455677,rmse,,0.45,False,21.733333333333334,USD
random_m16_g0.00_fixed__mean_n_observations,random_m16_g0.00_fixed,ability,mean_n_observations,precision-estimation,random,16,False,0.0,40,mean_n_observations,16.0,0.0,rmse,,0.45,False,21.733333333333334,USD
random_m16_g0.00_fixed__mean_fit_seconds,random_m16_g0.00_fixed,ability,mean_fit_seconds,precision-estimation,random,16,False,0.0,40,mean_fit_seconds,3.0419067186935324e-05,6.485352834962692e-08,rmse,,0.45,False,21.733333333333334,USD
random_m16_g0.00_fixed__mean_select_seconds,random_m16_g0.00_fixed,ability,mean_select_seconds,precision-estimation,random,16,False,0.0,40,mean_select_seconds,2.0878324218482905e-05,5.501951363937438e-08,rmse,,0.45,False,21.733333333333334,USD
random_m16_g0.25_fixed__rmse,random_m16_g0.25_fixed,ability,rmse,precision-estimation,random,16,False,0.25,40,rmse,0.8352684598622406,0.022337740738711007,rmse,0.8352684598622406,0.45,False,21.733333333333334,USD
random_m16_g0.25_fixed__mae,random_m16_g0.25_fixed,ability,mae,precision-estimation,random,16,False,0.25,40,mae,0.6734842947118898,0.018441457029867946,rmse,,0.45,False,21.733333333333334,USD
random_m16_g0.25_fixed__bias,random_m16_g0.25_fixed,ability,bias,precision-estimation,random,16,False,0.25,40,bias,0.5504852051004748,0.02593457133861491,rmse,,0.45,False,21.733333333333334,USD
random_m16_g0.25_fixed__pearson_r,random_m16_g0.25_fixed,ability,pearson_r,precision-estimation,random,16,False,0.25,40,pearson_r,0.7712801523563187,0.014811984080162833,rmse,,0.45,False,21.733333333333334,USD
random_m16_g0.25_fixed__mean_posterior_sd,random_m16_g0.25_fixed,ability,mean_posterior_sd,precision-estimation,random,16,False,0.25,40,mean_posterior_sd,0.5139068228776209,0.0006015320000256569,rmse,,0.45,False,21.733333333333334,USD
random_m16_g0.25_fixed__coverage_95,random_m16_g0.25_fixed,ability,coverage_95,precision-estimation,random,16,False,0.25,40,coverage_95,0.7537499999999999,0.013845363084707043,rmse,,0.45,False,21.733333333333334,USD
random_m16_g0.25_fixed__mean_n_observations,random_m16_g0.25_fixed,ability,mean_n_observations,precision-estimation,random,16,False,0.25,40,mean_n_observations,16.0,0.0,rmse,,0.45,False,21.733333333333334,USD
random_m16_g0.25_fixed__mean_fit_seconds,random_m16_g0.25_fixed,ability,mean_fit_seconds,precision-estimation,random,16,False,0.25,40,mean_fit_seconds,3.043641359409933e-05,6.689094120548042e-08,rmse,,0.45,False,21.733333333333334,USD
random_m16_g0.25_fixed__mean_select_seconds,random_m16_g0.25_fixed,ability,mean_select_seconds,precision-estimation,random,16,False,0.25,40,mean_select_seconds,2.0811256094290798e-05,1.6556566054347137e-08,rmse,,0.45,False,21.733333333333334,USD
max_information_m16_g0.00_stop__rmse,max_information_m16_g0.00_stop,ability,rmse,precision-estimation,max_information,16,True,0.0,40,rmse,0.4840931475987956,0.011040417659667491,rmse,0.4840931475987956,0.45,False,21.733333333333334,USD
max_information_m16_g0.00_stop__mae,max_information_m16_g0.00_stop,ability,mae,precision-estimation,max_information,16,True,0.0,40,mae,0.39122496064499124,0.009687709516960746,rmse,,0.45,False,21.733333333333334,USD
max_information_m16_g0.00_stop__bias,max_information_m16_g0.00_stop,ability,bias,precision-estimation,max_information,16,True,0.0,40,bias,-0.008016027262708648,0.018164616699001566,rmse,,0.45,False,21.733333333333334,USD
max_information_m16_g0.00_stop__pearson_r,max_information_m16_g0.00_stop,ability,pearson_r,precision-estimation,max_information,16,True,0.0,40,pearson_r,0.8705081808572199,0.011805642986340523,rmse,,0.45,False,21.733333333333334,USD
max_information_m16_g0.00_stop__mean_posterior_sd,max_information_m16_g0.00_stop,ability,mean_posterior_sd,precision-estimation,max_information,16,True,0.0,40,mean_posterior_sd,0.4754253257659495,0.0005429646301384876,rmse,,0.45,False,21.733333333333334,USD
max_information_m16_g0.00_stop__coverage_95,max_information_m16_g0.00_stop,ability,coverage_95,precision-estimation,max_information,16,True,0.0,40,coverage_95,0.9387500000000001,0.009154198059101797,rmse,,0.45,False,21.733333333333334,USD
max_information_m16_g0.00_stop__mean_n_observations,max_information_m16_g0.00_stop,ability,mean_n_observations,precision-estimation,max_information,16,True,0.0,40,mean_n_observations,16.0,0.0,rmse,,0.45,False,21.733333333333334,USD
max_information_m16_g0.00_stop__mean_fit_seconds,max_information_m16_g0.00_stop,ability,mean_fit_seconds,precision-estimation,max_information,16,True,0.0,40,mean_fit_seconds,3.142006445286505e-05,3.4840327312915624e-08,rmse,,0.45,False,21.733333333333334,USD
max_information_m16_g0.00_stop__mean_select_seconds,max_information_m16_g0.00_stop,ability,mean_select_seconds,precision-estimation,max_information,16,True,0.0,40,mean_select_seconds,0.00022822612664060498,1.309516970704683e-07,rmse,,0.45,False,21.733333333333334,USD
max_information_m16_g0.25_stop__rmse,max_information_m16_g0.25_stop,ability,rmse,precision-estimation,max_information,16,True,0.25,40,rmse,0.7932256671893285,0.02170428314698145,rmse,0.7932256671893285,0.45,False,21.733333333333334,USD
max_information_m16_g0.25_stop__mae,max_information_m16_g0.25_stop,ability,mae,precision-estimation,max_information,16,True,0.25,40,mae,0.6431038625695037,0.018932585956572788,rmse,,0.45,False,21.733333333333334,USD
max_information_m16_g0.25_stop__bias,max_information_m16_g0.25_stop,ability,bias,precision-estimation,max_information,16,True,0.25,40,bias,0.5048750814102135,0.021721639771957048,rmse,,0.45,False,21.733333333333334,USD
max_information_m16_g0.25_stop__pearson_r,max_information_m16_g0.25_stop,ability,pearson_r,precision-estimation,max_information,16,True,0.25,40,pearson_r,0.7574912021604709,0.019521118789371326,rmse,,0.45,False,21.733333333333334,USD
max_information_m16_g0.25_stop__mean_posterior_sd,max_information_m16_g0.25_stop,ability,mean_posterior_sd,precision-estimation,max_information,16,True,0.25,40,mean_posterior_sd,0.47259203149769285,0.00036098182176675975,rmse,,0.45,False,21.733333333333334,USD
max_information_m16_g0.25_stop__coverage_95,max_information_m16_g0.25_stop,ability,coverage_95,precision-estimation,max_information,16,True,0.25,40,coverage_95,0.76,0.01532541748379572,rmse,,0.45,False,21.733333333333334,USD
max_information_m16_g0.25_stop__mean_n_observations,max_information_m16_g0.25_stop,ability,mean_n_observations,precision-estimation,max_information,16,True,0.25,40,mean_n_observations,16.0,0.0,rmse,,0.45,False,21.733333333333334,USD
max_information_m16_g0.25_stop__mean_fit_seconds,max_information_m16_g0.25_stop,ability,mean_fit_seconds,precision-estimation,max_information,16,True,0.25,40,mean_fit_seconds,3.1434204765838906e-05,1.8922453974847007e-08,rmse,,0.45,False,21.733333333333334,USD
max_information_m16_g0.25_stop__mean_select_seconds,max_information_m16_g0.25_stop,ability,mean_select_seconds,precision-estimation,max_information,16,True,0.25,40,mean_select_seconds,0.00022890220367111522,1.6349008134933012e-07,rmse,,0.45,False,21.733333333333334,USD
random_m16_g0.00_stop__rmse,random_m16_g0.00_stop,ability,rmse,precision-estimation,random,16,True,0.0,40,rmse,0.5161759958759821,0.010123949579290012,rmse,0.5161759958759821,0.45,False,21.733333333333334,USD
random_m16_g0.00_stop__mae,random_m16_g0.00_stop,ability,mae,precision-estimation,random,16,True,0.0,40,mae,0.40852178515637316,0.009219604553996041,rmse,,0.45,False,21.733333333333334,USD
random_m16_g0.00_stop__bias,random_m16_g0.00_stop,ability,bias,precision-estimation,random,16,True,0.0,40,bias,0.012601350037531248,0.020746271292831672,rmse,,0.45,False,21.733333333333334,USD
random_m16_g0.00_stop__pearson_r,random_m16_g0.00_stop,ability,pearson_r,precision-estimation,random,16,True,0.0,40,pearson_r,0.8550366012680886,0.009627179348881743,rmse,,0.45,False,21.733333333333334,USD
random_m16_g0.00_stop__mean_posterior_sd,random_m16_g0.00_stop,ability,mean_posterior_sd,precision-estimation,random,16,True,0.0,40,mean_posterior_sd,0.5198013648008166,0.001020842873242221,rmse,,0.45,False,21.733333333333334,USD
random_m16_g0.00_stop__coverage_95,random_m16_g0.00_stop,ability,coverage_95,precision-estimation,random,16,True,0.0,40,coverage_95,0.9475000000000001,0.005987926448938289,rmse,,0.45,False,21.733333333333334,USD
random_m16_g0.00_stop__mean_n_observations,random_m16_g0.00_stop,ability,mean_n_observations,precision-estimation,random,16,True,0.0,40,mean_n_observations,16.0,0.0,rmse,,0.45,False,21.733333333333334,USD
random_m16_g0.00_stop__mean_fit_seconds,random_m16_g0.00_stop,ability,mean_fit_seconds,precision-estimation,random,16,True,0.0,40,mean_fit_seconds,3.0462145546872322e-05,2.0168062547953762e-08,rmse,,0.45,False,21.733333333333334,USD
random_m16_g0.00_stop__mean_select_seconds,random_m16_g0.00_stop,ability,mean_select_seconds,precision-estimation,random,16,True,0.0,40,mean_select_seconds,2.0901166171922727e-05,2.3939665743287598e-08,rmse,,0.45,False,21.733333333333334,USD
random_m16_g0.25_stop__rmse,random_m16_g0.25_stop,ability,rmse,precision-estimation,random,16,True,0.25,40,rmse,0.8758569261451552,0.020934341973324284,rmse,0.8758569261451552,0.45,False,21.733333333333334,USD
random_m16_g0.25_stop__mae,random_m16_g0.25_stop,ability,mae,precision-estimation,random,16,True,0.25,40,mae,0.7046810294268034,0.019401479148925385,rmse,,0.45,False,21.733333333333334,USD
random_m16_g0.25_stop__bias,random_m16_g0.25_stop,ability,bias,precision-estimation,random,16,True,0.25,40,bias,0.569781389399167,0.026151313375887417,rmse,,0.45,False,21.733333333333334,USD
random_m16_g0.25_stop__pearson_r,random_m16_g0.25_stop,ability,pearson_r,precision-estimation,random,16,True,0.25,40,pearson_r,0.7270551125718517,0.021854500334936137,rmse,,0.45,False,21.733333333333334,USD
random_m16_g0.25_stop__mean_posterior_sd,random_m16_g0.25_stop,ability,mean_posterior_sd,precision-estimation,random,16,True,0.25,40,mean_posterior_sd,0.5129811067942346,0.0007683618708584453,rmse,,0.45,False,21.733333333333334,USD
random_m16_g0.25_stop__coverage_95,random_m16_g0.25_stop,ability,coverage_95,precision-estimation,random,16,True,0.25,40,coverage_95,0.7424999999999999,0.017686971119115363,rmse,,0.45,False,21.733333333333334,USD
random_m16_g0.25_stop__mean_n_observations,random_m16_g0.25_stop,ability,mean_n_observations,precision-estimation,random,16,True,0.25,40,mean_n_observations,16.0,0.0,rmse,,0.45,False,21.733333333333334,USD
random_m16_g0.25_stop__mean_fit_seconds,random_m16_g0.25_stop,ability,mean_fit_seconds,precision-estimation,random,16,True,0.25,40,mean_fit_seconds,3.0462268907092137e-05,2.1152593693553595e-08,rmse,,0.45,False,21.733333333333334,USD
random_m16_g0.25_stop__mean_select_seconds,random_m16_g0.25_stop,ability,mean_select_seconds,precision-estimation,random,16,True,0.25,40,mean_select_seconds,2.0945157108860352e-05,2.0688554301925722e-08,rmse,,0.45,False,21.733333333333334,USD
